Record_ID,Year,Country,Region,Income_Level,Depression_Rate_Pct,Anxiety_Rate_Pct,Bipolar_Disorder_Rate_Pct,Schizophrenia_Rate_Pct,PTSD_Rate_Pct,Eating_Disorder_Rate_Pct,Substance_Use_Disorder_Pct,Suicide_Rate_Per_100k,Treatment_Gap_Pct,Healthcare_Access_Index,Psychiatrists_Per_100k,Govt_MentalHealth_Spending_PctGDP,Avg_Daily_Screen_Time_Hours,Unemployment_Rate_Pct,Urbanization_Rate_Pct,Social_Support_Index,Stigma_Index,Mental_Health_Crisis_Index,Crisis_Level
GMHCI-0001,2021,Vietnam,Asia,Lower-Middle,9.38,9.39,0.64,1.191,1.05,3.19,9.34,10.43,70.6,44.2,1.17,1.1,6.0,14.8,92.8,49.7,65.3,56.65,High
GMHCI-0002,2024,Netherlands,Europe,High,13.24,11.12,2.98,0.422,6.16,0.83,5.82,13.76,31.4,85.5,12.97,10.53,3.8,5.7,40.5,55.7,6.1,53.33,High
GMHCI-0003,2018,Poland,Europe,Upper-Middle,8.12,8.07,0.63,0.725,6.12,3.3,10.27,16.68,63.8,50.0,9.43,4.17,5.0,27.2,59.0,39.8,51.0,59.2,High
GMHCI-0004,2017,Russia,Europe,Upper-Middle,9.4,10.04,3.05,0.279,4.28,2.75,11.75,16.9,73.5,70.1,5.46,4.86,8.6,18.6,40.0,42.0,23.1,60.37,High
GMHCI-0005,2019,Colombia,South America,Upper-Middle,8.74,15.19,2.58,1.027,8.35,1.04,6.44,17.45,50.4,54.4,2.39,5.5,7.4,15.4,77.6,81.7,40.3,63.94,High
GMHCI-0006,2023,Philippines,Asia,Lower-Middle,4.84,10.52,0.81,0.499,2.31,1.31,7.22,5.19,84.9,34.0,1.41,1.21,5.8,21.4,72.3,77.8,71.8,47.26,Moderate
GMHCI-0007,2016,Egypt,Africa,Lower-Middle,8.21,7.31,2.92,0.675,4.47,1.66,2.31,11.96,71.9,32.4,0.39,1.51,8.8,21.5,69.9,87.7,60.3,54.71,High
GMHCI-0008,2018,Ethiopia,Africa,Low,4.2,9.09,2.57,0.449,6.63,1.9,7.99,5.97,91.7,20.5,0.39,0.6,7.8,17.9,76.3,25.8,73.7,47.48,Moderate
GMHCI-0009,2024,Thailand,Asia,Upper-Middle,8.69,17.66,1.12,1.148,2.85,1.04,8.12,13.55,54.4,65.5,8.73,5.6,3.3,22.7,35.4,26.5,40.9,61.4,High
GMHCI-0010,2018,Australia,Oceania,High,17.63,19.13,2.38,0.885,6.71,3.0,3.83,13.83,53.1,81.6,13.42,9.66,3.7,15.0,93.6,75.1,11.7,70.97,High
GMHCI-0011,2021,Indonesia,Asia,Lower-Middle,4.53,10.25,0.98,0.387,4.51,1.38,11.15,8.25,82.1,27.3,0.95,1.9,4.5,12.4,84.7,22.9,76.1,51.05,High
GMHCI-0012,2017,Sweden,Europe,High,8.14,21.14,1.9,1.036,5.08,2.11,4.58,5.37,29.6,87.0,22.4,7.49,5.9,10.5,66.5,78.6,17.4,45.12,Moderate
GMHCI-0013,2017,Saudi Arabia,Asia,High,14.79,21.14,1.89,0.879,8.9,1.04,5.0,14.41,52.7,71.2,14.69,8.67,10.6,13.1,55.4,85.3,19.6,70.78,High
GMHCI-0014,2020,Tanzania,Africa,Low,3.72,4.76,0.57,0.619,1.67,2.57,6.41,7.94,86.2,13.0,0.45,0.45,5.9,24.1,91.5,57.2,86.0,46.62,Moderate
GMHCI-0015,2023,Colombia,South America,Upper-Middle,14.26,16.79,1.42,0.301,4.23,2.31,2.59,16.01,66.1,61.0,9.72,3.17,5.7,13.0,97.2,93.3,31.3,72.12,High
GMHCI-0016,2022,Colombia,South America,Upper-Middle,9.7,15.86,2.42,0.266,6.32,0.68,3.91,12.99,67.6,70.7,4.85,4.8,3.9,8.0,94.4,84.6,25.2,60.06,High
GMHCI-0017,2021,South Korea,Asia,High,17.53,11.46,2.84,0.965,8.99,2.35,10.23,6.17,38.6,71.5,14.99,8.56,8.8,22.0,46.4,62.5,34.7,54.45,High
GMHCI-0018,2019,Mexico,North America,Upper-Middle,10.91,16.55,1.88,0.941,4.02,3.2,4.87,11.55,56.3,48.3,4.06,4.47,10.8,9.8,88.1,52.2,46.6,61.85,High
GMHCI-0019,2015,Ghana,Africa,Lower-Middle,11.66,8.52,0.54,0.517,4.81,3.01,8.83,9.48,73.0,48.9,0.36,2.25,5.2,3.9,32.1,20.0,56.4,56.74,High
GMHCI-0020,2018,Iran,Asia,Upper-Middle,7.22,16.15,2.06,0.49,4.39,3.84,9.92,8.6,54.4,58.9,7.9,5.39,6.1,20.1,56.1,78.4,36.8,50.5,High
GMHCI-0021,2023,Indonesia,Asia,Lower-Middle,7.32,10.58,2.37,0.787,6.21,3.85,2.65,4.39,83.1,40.0,1.97,1.94,10.1,10.4,25.3,37.6,60.5,47.68,Moderate
GMHCI-0022,2022,Colombia,South America,Upper-Middle,10.98,13.47,1.17,0.922,3.67,2.47,11.51,12.68,50.8,75.0,5.41,2.64,6.7,16.6,47.6,74.6,29.4,57.29,High
GMHCI-0023,2018,South Africa,Africa,Upper-Middle,9.54,11.77,1.52,0.562,5.59,1.51,7.75,13.77,66.9,70.4,9.76,3.19,7.3,7.0,81.7,77.5,21.5,56.54,High
GMHCI-0024,2022,New Zealand,Oceania,High,13.9,17.65,0.8,0.728,8.95,2.19,9.85,5.2,31.6,90.5,11.92,5.53,9.6,15.5,36.8,31.0,14.1,49.52,Moderate
GMHCI-0025,2020,Brazil,South America,Upper-Middle,13.06,12.21,2.53,0.259,2.0,1.31,7.83,12.06,61.5,57.6,8.61,3.59,6.3,20.8,42.3,92.7,44.4,62.06,High
GMHCI-0026,2018,France,Europe,High,16.95,11.53,2.97,0.954,8.86,1.4,8.64,6.95,39.3,86.4,19.28,4.12,8.5,15.1,34.3,39.5,23.6,53.23,High
GMHCI-0027,2022,Spain,Europe,High,17.46,18.97,1.96,1.155,4.89,3.28,10.04,12.22,51.7,77.4,10.48,5.07,5.5,12.3,33.7,72.1,32.2,71.21,High
GMHCI-0028,2017,New Zealand,Oceania,High,10.92,18.96,1.8,0.736,7.74,2.07,6.51,10.75,29.6,93.6,11.77,6.27,3.9,25.7,47.8,51.5,11.8,53.63,High
GMHCI-0029,2017,Kenya,Africa,Lower-Middle,6.48,6.84,3.3,1.143,8.31,3.5,9.34,7.96,79.9,23.2,1.74,0.68,9.4,10.2,32.6,48.8,69.5,48.93,Moderate
GMHCI-0030,2016,Mexico,North America,Upper-Middle,13.32,8.48,2.2,0.867,8.09,1.42,3.2,17.97,61.0,74.7,7.34,5.81,10.5,15.0,27.9,41.4,21.1,63.67,High
GMHCI-0031,2017,Canada,North America,High,9.25,21.32,2.09,0.841,7.75,3.03,3.6,6.38,41.0,71.4,19.42,11.5,3.3,27.5,65.9,78.3,27.1,51.43,High
GMHCI-0032,2021,Nigeria,Africa,Lower-Middle,7.07,6.67,3.27,0.527,5.28,1.93,3.66,10.7,84.9,23.2,1.0,1.75,6.6,3.7,89.5,81.6,74.5,54.91,High
GMHCI-0033,2021,Colombia,South America,Upper-Middle,9.83,13.08,3.15,0.376,5.44,3.0,9.03,15.22,74.7,50.0,9.0,2.96,7.4,27.9,71.4,81.0,44.4,64.78,High
GMHCI-0034,2017,Colombia,South America,Upper-Middle,6.89,14.95,1.59,0.207,3.28,3.42,4.32,12.15,54.8,50.0,9.46,2.11,5.4,11.8,77.0,36.4,49.1,55.79,High
GMHCI-0035,2024,Japan,Asia,High,8.28,14.95,2.31,0.279,4.01,3.27,4.33,4.71,34.7,72.8,24.56,4.12,9.8,14.1,35.7,37.6,26.2,40.87,Moderate
GMHCI-0036,2021,United States,North America,High,16.72,11.62,1.0,0.839,7.41,2.56,7.86,6.35,40.4,92.6,21.36,9.36,10.1,3.1,32.7,82.5,3.8,49.36,Moderate
GMHCI-0037,2017,Pakistan,Asia,Lower-Middle,8.66,8.26,3.44,0.244,4.7,2.47,3.46,6.12,83.1,28.2,1.08,2.11,7.8,19.5,88.3,86.5,77.2,52.34,High
GMHCI-0038,2021,South Africa,Africa,Upper-Middle,9.84,14.28,1.83,0.758,2.89,2.91,7.41,12.26,50.9,48.3,8.99,3.59,3.4,20.8,64.8,60.0,61.6,60.71,High
GMHCI-0039,2015,Netherlands,Europe,High,10.06,13.87,3.37,0.889,4.21,3.87,4.28,12.16,32.9,97.0,21.89,6.37,9.1,18.4,81.7,55.3,3.4,49.02,Moderate
GMHCI-0040,2022,Sweden,Europe,High,8.14,19.21,3.26,0.314,6.98,1.01,10.66,4.92,36.2,80.2,23.57,5.59,8.5,26.9,29.6,38.7,20.6,44.23,Moderate
GMHCI-0041,2023,Ukraine,Europe,Lower-Middle,5.73,6.43,2.28,0.63,7.33,0.74,5.34,10.62,82.6,28.2,0.84,2.06,6.7,23.7,63.2,90.5,63.3,50.69,High
GMHCI-0042,2017,Vietnam,Asia,Lower-Middle,11.99,13.91,2.53,0.797,8.91,1.39,11.93,10.28,85.8,46.0,0.39,2.36,11.0,25.9,43.1,20.7,52.5,64.58,High
GMHCI-0043,2022,Bangladesh,Asia,Lower-Middle,11.31,12.11,1.77,0.478,4.7,2.63,7.07,5.13,76.4,35.0,0.85,2.34,9.9,10.1,95.7,77.6,61.2,54.72,High
GMHCI-0044,2017,Brazil,South America,Upper-Middle,12.27,17.98,2.41,0.717,4.14,1.58,3.07,17.12,67.0,50.3,4.07,3.52,9.0,8.8,32.4,38.9,41.8,73.69,High
GMHCI-0045,2017,New Zealand,Oceania,High,16.0,13.03,3.24,1.083,7.04,1.9,7.38,5.73,33.3,96.0,18.41,10.55,5.7,9.6,63.3,33.0,11.2,48.8,Moderate
GMHCI-0046,2021,New Zealand,Oceania,High,13.09,20.75,3.22,1.025,6.61,2.36,6.64,5.35,29.8,82.6,18.66,9.22,7.4,23.1,46.2,86.3,14.9,51.27,High
GMHCI-0047,2016,Germany,Europe,High,10.99,20.05,2.1,0.645,2.54,0.96,4.63,12.21,47.3,93.5,15.34,8.07,10.9,3.6,73.3,61.3,0.0,57.69,High
GMHCI-0048,2017,Germany,Europe,High,14.03,12.46,0.94,1.066,2.29,1.46,9.98,11.73,47.2,96.3,18.36,11.04,7.9,16.0,83.6,40.5,12.2,56.16,High
GMHCI-0049,2017,China,Asia,Upper-Middle,8.46,10.4,3.48,1.062,7.83,1.98,4.42,9.91,68.6,57.4,7.88,5.55,10.0,27.5,45.5,89.8,45.3,52.26,High
GMHCI-0050,2021,Poland,Europe,Upper-Middle,10.8,12.85,2.11,0.944,1.37,3.77,7.36,17.84,57.7,47.3,6.84,4.59,3.4,27.8,27.4,79.3,51.8,68.06,High
GMHCI-0051,2018,Italy,Europe,High,11.3,16.85,2.57,1.017,7.23,0.52,11.76,9.05,29.7,81.9,19.86,11.49,9.5,10.4,83.5,42.1,10.8,49.75,Moderate
GMHCI-0052,2020,Ghana,Africa,Lower-Middle,5.74,5.71,2.06,0.582,4.63,1.76,11.48,7.2,81.9,36.0,1.09,1.22,9.7,6.9,64.3,90.6,65.7,45.55,Moderate
GMHCI-0053,2018,Ethiopia,Africa,Low,4.57,7.85,0.99,0.436,3.63,0.83,10.09,3.64,95.8,21.2,0.33,0.8,8.0,2.0,49.2,68.1,82.4,45.56,Moderate
GMHCI-0054,2016,Ukraine,Europe,Lower-Middle,9.68,13.27,1.01,0.686,1.32,2.26,11.85,4.08,76.9,26.1,1.67,0.58,10.4,7.0,56.6,51.5,66.8,52.97,High
GMHCI-0055,2017,Indonesia,Asia,Lower-Middle,10.91,11.18,2.51,0.585,3.14,3.6,8.0,11.48,84.7,34.0,0.69,1.54,8.0,17.1,87.7,72.6,67.2,64.31,High
GMHCI-0056,2023,Argentina,South America,Upper-Middle,10.97,17.91,2.74,0.376,7.81,1.79,8.42,11.12,63.4,66.4,9.99,4.19,6.7,21.4,29.7,35.9,34.8,61.89,High
GMHCI-0057,2015,China,Asia,Upper-Middle,13.07,14.67,3.33,0.512,8.04,2.3,1.53,11.42,60.3,49.4,8.75,2.48,8.0,2.1,39.7,72.6,40.6,62.67,High
GMHCI-0058,2015,Australia,Oceania,High,16.71,12.6,3.11,0.518,2.06,3.51,9.84,12.75,35.8,94.8,17.17,6.33,8.4,23.1,74.6,87.4,0.0,57.85,High
GMHCI-0059,2018,Pakistan,Asia,Lower-Middle,9.63,11.22,2.26,0.362,8.87,1.38,9.8,9.13,74.3,33.5,1.41,1.94,9.4,14.0,79.4,40.3,69.9,58.11,High
GMHCI-0060,2021,Philippines,Asia,Lower-Middle,10.42,10.88,1.12,0.734,1.48,1.28,11.05,11.13,73.6,48.4,1.44,2.36,7.6,2.6,59.2,37.1,54.2,59.22,High
GMHCI-0061,2021,Pakistan,Asia,Lower-Middle,8.11,8.15,3.05,0.333,1.22,3.14,9.34,5.37,76.6,25.7,0.35,1.59,9.9,22.2,26.9,38.0,69.4,48.27,Moderate
GMHCI-0062,2021,Philippines,Asia,Lower-Middle,4.72,12.23,2.38,0.575,6.84,1.38,4.15,10.83,79.1,36.0,0.49,1.16,9.0,22.1,27.3,83.0,66.9,54.86,High
GMHCI-0063,2023,Indonesia,Asia,Lower-Middle,8.53,7.79,1.0,0.673,4.34,3.53,2.26,3.78,70.8,34.1,1.7,0.92,4.7,17.4,43.4,93.2,74.0,46.12,Moderate
GMHCI-0064,2017,Colombia,South America,Upper-Middle,10.26,16.98,0.52,1.059,5.11,2.25,7.75,10.5,60.2,50.1,4.95,4.85,10.5,12.8,42.8,33.6,47.7,60.64,High
GMHCI-0065,2020,Mexico,North America,Upper-Middle,12.25,9.5,2.55,1.005,7.24,3.55,5.29,13.16,52.7,56.9,5.0,4.41,9.3,8.7,84.1,38.0,48.9,59.33,High
GMHCI-0066,2022,Vietnam,Asia,Lower-Middle,10.75,6.16,1.73,1.075,7.71,3.86,2.29,4.09,77.2,29.0,1.87,2.42,5.3,16.8,88.8,27.9,67.2,48.11,Moderate
GMHCI-0067,2019,Norway,Europe,High,8.53,13.73,1.52,0.851,3.61,1.4,4.92,10.66,51.5,83.6,16.49,11.71,5.4,8.4,31.1,41.7,7.4,48.13,Moderate
GMHCI-0068,2019,Norway,Europe,High,11.66,14.49,2.14,1.145,8.95,3.71,1.99,9.62,51.0,92.4,13.52,9.68,10.2,18.9,78.6,61.4,14.2,52.66,High
GMHCI-0069,2020,United Kingdom,Europe,High,17.52,16.27,0.9,0.349,5.81,0.95,2.06,4.3,26.1,84.1,21.82,9.86,5.8,6.0,87.2,36.0,9.4,50.5,High
GMHCI-0070,2018,Sweden,Europe,High,15.32,13.61,0.99,1.145,2.48,2.52,8.25,8.04,41.6,72.6,18.25,11.34,10.1,11.9,96.0,58.6,37.1,56.75,High
GMHCI-0071,2019,Philippines,Asia,Lower-Middle,10.62,9.15,0.9,0.29,5.43,2.18,7.83,9.19,71.3,41.9,0.42,2.05,9.5,22.2,67.4,33.0,51.7,54.5,High
GMHCI-0072,2016,Turkey,Asia,Upper-Middle,8.45,13.16,2.28,0.995,7.74,1.31,4.31,11.47,54.3,67.7,9.33,3.93,5.4,12.2,73.9,70.0,32.9,52.88,High
GMHCI-0073,2021,Turkey,Asia,Upper-Middle,9.12,13.81,3.3,1.15,7.12,1.46,1.69,8.35,67.1,68.1,4.31,5.61,3.9,24.2,31.3,92.4,35.6,52.43,High
GMHCI-0074,2016,Ukraine,Europe,Lower-Middle,9.74,9.78,2.99,0.28,5.97,2.41,5.45,7.99,79.4,47.5,0.15,2.42,10.6,13.5,35.9,68.3,55.5,53.99,High
GMHCI-0075,2019,Kenya,Africa,Lower-Middle,4.97,5.2,2.88,0.779,3.14,3.81,3.22,5.59,84.3,48.4,1.72,0.82,6.8,9.2,43.9,87.8,58.8,41.12,Moderate
GMHCI-0076,2022,South Korea,Asia,High,13.52,11.8,1.85,0.797,1.6,3.55,6.24,7.6,27.3,92.7,9.61,11.44,7.2,12.5,85.2,81.0,16.7,46.74,Moderate
GMHCI-0077,2017,Egypt,Africa,Lower-Middle,4.74,11.36,3.26,0.5,6.76,2.83,4.82,8.23,71.1,23.8,1.3,1.87,7.7,12.0,42.2,87.3,85.7,52.08,High
GMHCI-0078,2021,Ukraine,Europe,Lower-Middle,9.89,12.34,2.58,0.94,3.78,1.87,6.05,8.76,84.9,36.8,0.25,2.12,6.1,20.3,73.9,92.0,59.9,59.1,High
GMHCI-0079,2021,China,Asia,Upper-Middle,10.71,10.22,0.79,0.458,5.8,3.44,7.01,17.28,69.4,60.2,2.81,2.3,4.5,12.8,78.5,80.3,32.8,63.71,High
GMHCI-0080,2019,Spain,Europe,High,11.23,17.58,1.32,0.775,5.67,3.4,7.4,10.05,29.4,76.8,9.38,9.92,8.9,5.3,79.3,66.0,16.1,52.45,High
GMHCI-0081,2024,Philippines,Asia,Lower-Middle,10.96,5.18,1.06,1.118,7.72,1.75,4.16,3.26,78.1,27.0,1.3,1.01,7.0,8.5,28.5,75.9,73.7,47.47,Moderate
GMHCI-0082,2018,Turkey,Asia,Upper-Middle,12.27,8.43,1.13,0.976,8.67,0.7,6.77,5.5,50.4,59.0,5.98,5.42,8.2,20.4,46.1,23.9,46.1,46.97,Moderate
GMHCI-0083,2020,Philippines,Asia,Lower-Middle,9.34,11.7,2.5,0.409,8.82,1.55,9.93,5.02,75.5,25.1,1.1,0.65,3.0,26.9,28.5,86.9,74.1,53.25,High
GMHCI-0084,2020,Netherlands,Europe,High,16.03,21.15,2.15,0.293,6.45,2.03,2.69,13.11,39.6,82.6,22.41,11.79,10.1,10.7,73.7,28.3,26.6,69.75,High
GMHCI-0085,2020,United States,North America,High,15.46,12.79,1.81,0.954,6.55,3.37,4.18,10.42,38.3,87.9,24.96,11.34,4.4,19.5,55.0,59.1,2.9,53.87,High
GMHCI-0086,2018,China,Asia,Upper-Middle,6.1,8.09,2.51,0.772,6.66,2.87,8.36,16.67,63.0,64.1,7.73,5.69,6.8,5.6,79.9,48.2,35.7,53.98,High
GMHCI-0087,2019,Spain,Europe,High,15.3,18.3,3.1,0.427,5.18,3.19,5.76,10.88,37.4,95.8,17.64,9.9,10.9,20.4,66.4,43.7,0.1,58.74,High
GMHCI-0088,2018,Thailand,Asia,Upper-Middle,11.85,14.24,2.35,0.924,1.76,3.1,7.32,13.9,50.5,53.0,9.35,5.67,8.0,19.7,88.1,33.8,43.8,63.01,High
GMHCI-0089,2020,Thailand,Asia,Upper-Middle,9.8,11.11,1.08,0.873,2.79,1.11,7.9,16.91,73.1,72.0,6.25,2.55,10.6,17.8,26.0,64.1,31.5,63.11,High
GMHCI-0090,2015,Vietnam,Asia,Lower-Middle,4.93,11.65,2.01,0.695,2.3,1.95,11.45,4.62,85.6,49.8,0.17,1.53,10.0,9.6,40.2,95.0,50.8,44.58,Moderate
GMHCI-0091,2023,Germany,Europe,High,16.41,17.99,1.34,0.999,2.1,2.84,7.93,14.87,40.2,85.9,23.11,4.98,10.7,9.5,83.2,89.4,14.6,68.14,High
GMHCI-0092,2018,Egypt,Africa,Lower-Middle,6.1,11.97,1.84,0.728,4.83,3.22,5.0,5.31,82.8,28.6,1.37,0.55,3.7,2.9,87.7,93.1,69.2,49.78,Moderate
GMHCI-0093,2023,United States,North America,High,13.59,21.08,0.73,0.754,4.61,1.58,2.01,4.86,36.4,79.0,22.37,6.33,5.5,5.4,40.4,60.8,14.0,52.46,High
GMHCI-0094,2017,Japan,Asia,High,11.32,18.41,0.58,0.878,6.37,2.83,6.74,11.78,30.3,93.8,18.54,7.87,3.4,7.5,60.9,74.3,6.7,54.46,High
GMHCI-0095,2022,Kenya,Africa,Lower-Middle,7.12,13.34,1.5,0.866,6.46,2.68,8.2,8.93,80.4,34.7,0.23,1.39,5.7,23.0,64.9,41.5,70.0,57.23,High
GMHCI-0096,2019,Sweden,Europe,High,12.74,16.27,1.7,0.242,8.51,0.85,2.96,7.95,26.8,80.2,18.94,6.38,3.6,25.2,37.7,60.7,18.1,50.34,High
GMHCI-0097,2022,Thailand,Asia,Upper-Middle,12.86,17.92,1.96,1.11,2.17,0.86,11.12,17.04,67.6,61.7,2.42,4.62,7.8,17.9,55.0,20.7,35.0,73.42,High
GMHCI-0098,2023,Ghana,Africa,Lower-Middle,4.49,7.44,2.16,0.57,5.81,2.61,2.37,10.99,83.9,34.9,0.46,1.04,8.4,14.6,75.6,31.9,66.1,51.02,High
GMHCI-0099,2019,New Zealand,Oceania,High,8.0,19.56,1.35,1.171,3.19,3.75,6.95,10.81,26.9,78.5,14.93,6.69,4.4,4.5,93.0,68.7,12.4,49.88,Moderate
GMHCI-0100,2015,Netherlands,Europe,High,10.88,12.98,2.79,0.322,1.43,2.2,8.32,14.8,48.5,70.6,8.07,6.0,7.5,4.1,40.0,72.5,22.6,58.28,High
GMHCI-0101,2019,United Kingdom,Europe,High,8.64,15.66,2.09,0.348,5.59,3.16,1.61,11.98,34.3,77.3,16.7,7.91,8.4,25.5,93.0,49.2,28.0,52.33,High
GMHCI-0102,2024,Argentina,South America,Upper-Middle,14.24,11.19,1.1,1.176,1.42,1.23,11.57,17.79,73.0,52.2,6.51,4.05,3.2,6.3,88.1,92.2,43.6,72.37,High
GMHCI-0103,2015,Mexico,North America,Upper-Middle,6.18,8.53,3.08,0.523,2.0,1.22,4.8,13.34,68.5,62.9,9.86,2.9,4.3,18.5,46.7,35.2,37.3,50.95,High
GMHCI-0104,2019,Thailand,Asia,Upper-Middle,12.38,12.18,2.42,0.777,7.19,0.73,9.51,6.58,66.0,47.3,6.2,2.23,7.2,17.3,49.8,78.7,46.4,54.47,High
GMHCI-0105,2023,Indonesia,Asia,Lower-Middle,6.07,11.83,1.76,0.399,2.24,3.45,4.93,6.64,87.0,33.7,0.7,1.14,6.5,24.2,76.2,89.4,66.4,51.68,High
GMHCI-0106,2024,Australia,Oceania,High,15.72,10.14,2.33,0.777,2.69,3.39,11.13,9.91,34.8,89.3,11.48,6.44,3.2,7.4,69.8,20.6,6.0,51.04,High
GMHCI-0107,2018,China,Asia,Upper-Middle,11.54,13.39,1.24,0.208,3.04,2.8,5.06,5.01,59.6,67.1,9.07,5.93,8.3,26.0,71.3,28.4,35.3,49.58,Moderate
GMHCI-0108,2021,United Kingdom,Europe,High,11.51,11.58,2.06,0.449,1.82,2.54,2.55,13.89,51.4,76.0,17.1,6.66,6.7,11.7,89.7,46.4,19.3,56.57,High
GMHCI-0109,2017,Vietnam,Asia,Lower-Middle,8.77,5.15,2.54,0.903,4.32,1.94,8.69,10.69,71.0,47.0,1.1,1.51,6.9,18.3,50.9,62.2,59.7,51.53,High
GMHCI-0110,2022,Ukraine,Europe,Lower-Middle,7.28,8.49,2.72,0.677,8.59,1.63,9.49,5.39,80.3,46.7,0.15,1.37,8.3,14.7,31.4,66.0,49.0,44.96,Moderate
GMHCI-0111,2017,Pakistan,Asia,Lower-Middle,10.46,5.89,0.63,0.462,5.31,3.77,9.46,6.98,78.1,39.5,0.18,1.78,7.9,22.3,29.8,38.3,66.9,51.57,High
GMHCI-0112,2022,France,Europe,High,14.75,14.54,2.06,0.776,6.62,0.7,7.51,11.53,26.9,78.1,19.98,6.95,10.2,2.0,26.3,94.6,19.5,56.76,High
GMHCI-0113,2021,Philippines,Asia,Lower-Middle,8.31,8.22,3.5,0.616,6.02,1.58,6.4,10.74,78.3,29.9,1.58,1.26,7.0,12.4,53.9,65.2,78.3,57.66,High
GMHCI-0114,2017,Ghana,Africa,Lower-Middle,7.48,7.26,1.5,1.019,2.43,1.69,10.51,3.28,87.2,26.4,0.84,1.22,4.2,21.2,54.6,25.8,72.4,45.75,Moderate
GMHCI-0115,2019,Indonesia,Asia,Lower-Middle,11.53,7.26,2.37,0.686,3.29,1.68,6.16,7.81,85.9,26.0,1.72,2.31,6.8,21.3,54.9,77.1,71.0,57.26,High
GMHCI-0116,2019,Sweden,Europe,High,16.97,13.61,3.43,0.856,4.93,0.63,6.65,9.4,48.7,93.5,8.76,10.18,10.0,5.9,93.6,49.3,7.4,57.56,High
GMHCI-0117,2024,Saudi Arabia,Asia,High,11.03,10.5,2.54,0.609,6.69,1.87,7.71,12.98,27.6,87.7,9.12,11.03,3.9,2.5,41.0,89.6,4.2,47.75,Moderate
GMHCI-0118,2017,Philippines,Asia,Lower-Middle,10.49,11.34,3.07,0.405,3.23,3.69,3.25,4.83,78.5,39.1,1.98,1.2,6.4,19.7,91.2,54.0,54.3,51.75,High
GMHCI-0119,2024,Nigeria,Africa,Lower-Middle,9.4,10.73,1.34,0.694,2.75,3.79,8.95,8.34,83.4,35.3,1.8,2.02,6.6,3.2,69.9,67.1,61.3,56.35,High
GMHCI-0120,2017,Nigeria,Africa,Lower-Middle,10.96,11.36,1.09,0.61,7.52,3.89,8.68,10.4,76.2,38.8,1.37,0.82,10.0,16.7,51.9,85.9,54.5,59.83,High
GMHCI-0121,2023,Argentina,South America,Upper-Middle,9.31,17.26,3.02,0.912,6.11,3.31,4.04,15.83,62.3,61.1,2.28,4.76,10.1,18.8,45.3,69.5,42.3,66.49,High
GMHCI-0122,2022,Russia,Europe,Upper-Middle,9.11,16.39,1.95,0.803,8.88,1.33,7.76,16.18,73.3,59.1,3.29,5.32,9.8,23.0,65.5,84.3,37.0,66.79,High
GMHCI-0123,2015,South Africa,Africa,Upper-Middle,10.35,15.85,2.34,0.585,3.48,3.38,11.52,10.06,54.2,50.2,8.83,3.03,8.6,26.4,34.0,52.7,59.3,59.95,High
GMHCI-0124,2020,Germany,Europe,High,8.76,18.03,1.19,0.869,3.52,2.31,10.46,5.18,41.2,97.1,12.07,8.82,3.2,27.5,28.5,88.5,0.0,42.06,Moderate
GMHCI-0125,2016,Ethiopia,Africa,Low,4.28,7.86,1.52,0.625,2.17,0.66,3.97,4.45,95.3,18.5,0.33,0.61,10.9,19.5,69.8,47.1,82.6,46.25,Moderate
GMHCI-0126,2015,Pakistan,Asia,Lower-Middle,9.17,6.13,2.91,0.507,8.95,0.57,3.19,11.08,80.3,20.3,0.52,1.38,4.4,2.6,41.9,62.8,73.8,57.06,High
GMHCI-0127,2023,Tanzania,Africa,Low,5.59,7.09,1.33,0.722,1.65,2.03,11.97,4.8,97.9,5.8,0.29,0.23,5.8,8.7,62.3,83.9,98.5,50.64,High
GMHCI-0128,2015,India,Asia,Lower-Middle,7.59,5.85,3.37,0.506,7.09,1.44,6.1,7.67,72.7,47.1,1.87,1.07,5.4,21.5,27.2,72.5,46.4,44.6,Moderate
GMHCI-0129,2020,Australia,Oceania,High,14.5,18.19,3.26,1.104,5.97,3.23,3.74,13.25,39.1,71.1,13.88,5.68,4.5,8.4,25.1,79.8,24.9,64.8,High
GMHCI-0130,2019,Thailand,Asia,Upper-Middle,10.51,9.62,2.67,1.028,1.13,3.73,11.83,17.48,59.8,56.9,6.64,3.53,6.9,6.3,76.8,47.1,43.4,63.28,High
GMHCI-0131,2017,Spain,Europe,High,13.21,20.06,3.45,0.903,8.19,2.53,4.0,5.37,34.4,83.5,14.86,5.83,8.1,20.8,71.5,76.2,7.1,50.37,High
GMHCI-0132,2015,Australia,Oceania,High,17.21,10.37,2.39,1.087,1.75,2.97,3.05,7.14,33.5,88.8,13.74,7.54,8.3,8.9,56.6,30.1,10.0,49.87,Moderate
GMHCI-0133,2015,Vietnam,Asia,Lower-Middle,10.59,10.35,2.44,1.171,7.29,3.49,11.66,12.0,70.4,31.5,0.63,0.64,8.0,27.3,72.3,35.5,69.4,61.97,High
GMHCI-0134,2020,Brazil,South America,Upper-Middle,10.3,13.19,2.59,1.071,4.63,1.93,1.58,17.77,70.4,49.5,2.48,5.34,7.5,6.2,63.6,61.6,46.4,68.71,High
GMHCI-0135,2018,Kenya,Africa,Lower-Middle,6.83,10.09,0.76,0.552,4.78,3.37,2.27,9.38,84.0,49.4,0.93,1.41,4.2,3.2,58.3,34.2,58.2,53.27,High
GMHCI-0136,2019,Ghana,Africa,Lower-Middle,9.56,13.61,2.09,0.659,4.69,1.67,9.63,10.21,77.0,20.8,0.89,1.17,8.1,12.3,42.3,83.4,72.4,62.48,High
GMHCI-0137,2022,Spain,Europe,High,17.94,21.94,2.42,0.65,3.17,3.0,6.02,8.15,29.2,77.2,16.9,8.7,5.5,25.3,27.2,68.8,30.7,65.26,High
GMHCI-0138,2021,Brazil,South America,Upper-Middle,10.48,11.04,0.51,1.123,7.03,1.69,10.17,12.86,56.6,64.1,3.88,4.23,4.9,27.5,34.5,29.9,38.5,56.89,High
GMHCI-0139,2018,Norway,Europe,High,13.11,14.05,2.15,0.957,6.99,0.56,6.22,8.72,53.8,71.5,17.02,5.91,5.2,8.1,34.5,30.0,20.2,54.36,High
GMHCI-0140,2022,Germany,Europe,High,17.27,17.61,1.65,0.486,2.64,2.52,9.42,4.74,51.0,86.6,21.69,4.17,9.9,17.9,48.5,69.7,19.3,57.28,High
GMHCI-0141,2019,Spain,Europe,High,9.66,20.99,0.92,0.79,5.13,0.84,8.82,9.98,38.9,87.8,21.33,6.99,8.7,8.7,46.0,78.9,15.3,54.61,High
GMHCI-0142,2020,India,Asia,Lower-Middle,10.78,9.81,3.31,0.478,1.19,1.34,10.07,9.5,74.7,39.8,0.23,1.48,7.4,20.3,28.9,29.4,54.9,56.75,High
GMHCI-0143,2023,Argentina,South America,Upper-Middle,9.66,15.45,1.72,0.823,5.64,2.81,7.22,17.74,67.9,46.6,9.25,3.74,3.5,16.2,90.0,36.4,54.9,70.73,High
GMHCI-0144,2023,Netherlands,Europe,High,13.85,13.48,0.73,0.747,8.54,0.57,10.68,5.14,54.2,72.8,11.71,4.71,6.2,4.3,25.5,62.0,19.4,49.84,Moderate
GMHCI-0145,2020,Poland,Europe,Upper-Middle,6.22,10.99,3.49,0.788,4.91,2.45,1.77,17.4,56.8,54.8,5.42,3.76,10.6,13.4,69.6,39.9,42.1,57.81,High
GMHCI-0146,2016,Egypt,Africa,Lower-Middle,11.61,7.93,3.42,1.079,3.84,2.92,4.21,10.99,74.2,27.1,1.48,0.93,4.0,3.6,86.2,58.9,74.8,61.18,High
GMHCI-0147,2017,Germany,Europe,High,16.41,20.57,2.94,1.048,8.21,1.77,6.25,6.65,47.5,77.1,21.17,11.21,7.4,27.9,71.7,76.1,28.9,62.33,High
GMHCI-0148,2017,France,Europe,High,13.83,18.56,0.97,0.252,5.64,0.61,10.37,6.91,49.5,80.6,15.41,9.88,9.5,27.6,56.3,35.9,28.5,57.53,High
GMHCI-0149,2016,Egypt,Africa,Lower-Middle,7.99,10.37,1.36,0.796,8.52,1.46,11.26,10.33,72.8,23.2,1.23,2.37,7.1,2.1,52.2,52.9,73.3,57.01,High
GMHCI-0150,2023,Mexico,North America,Upper-Middle,8.84,12.2,1.42,1.085,5.73,1.61,10.95,15.37,74.1,61.9,6.72,4.28,3.6,5.7,66.2,91.3,44.2,62.69,High
GMHCI-0151,2017,Philippines,Asia,Lower-Middle,7.1,9.24,2.96,0.444,8.49,2.97,2.22,9.65,76.7,23.1,1.75,1.65,4.5,17.4,76.1,53.1,72.7,54.31,High
GMHCI-0152,2018,Bangladesh,Asia,Lower-Middle,6.26,5.71,1.52,0.518,5.67,1.33,6.59,9.95,82.6,48.5,1.38,1.55,8.3,4.9,61.6,72.2,60.1,49.36,Moderate
GMHCI-0153,2024,New Zealand,Oceania,High,10.09,21.3,1.28,0.426,6.07,1.21,10.36,11.22,40.6,97.3,9.59,8.98,4.4,4.6,94.1,41.6,0.0,55.18,High
GMHCI-0154,2020,Spain,Europe,High,8.45,13.41,2.1,1.121,1.4,1.33,10.58,9.44,50.0,84.8,10.43,11.85,4.3,12.0,66.2,91.1,8.7,46.0,Moderate
GMHCI-0155,2020,Brazil,South America,Upper-Middle,9.56,15.23,2.39,0.715,1.29,0.64,7.63,8.57,74.1,64.3,4.67,3.52,9.1,25.8,80.7,70.7,39.1,56.23,High
GMHCI-0156,2018,Iran,Asia,Upper-Middle,9.15,11.07,3.42,0.383,7.5,0.74,6.55,12.11,71.2,66.5,9.67,2.09,6.6,14.0,93.7,52.5,42.2,56.82,High
GMHCI-0157,2017,Japan,Asia,High,16.47,17.43,2.42,0.948,5.16,1.57,8.19,5.34,27.2,90.8,23.77,9.02,3.2,17.8,68.9,67.6,12.4,52.16,High
GMHCI-0158,2017,Germany,Europe,High,9.51,12.79,2.35,0.915,4.28,3.2,11.36,11.1,27.5,80.3,15.63,7.27,9.7,12.3,72.4,82.4,27.6,48.6,Moderate
GMHCI-0159,2023,Ethiopia,Africa,Low,8.87,9.66,3.28,0.994,1.42,1.13,5.19,5.83,94.4,7.7,0.26,0.38,4.9,22.7,61.6,68.9,83.3,56.14,High
GMHCI-0160,2018,United States,North America,High,10.89,16.87,1.35,0.909,6.84,1.02,10.47,11.65,25.6,96.5,18.47,7.56,10.4,19.3,59.0,84.0,1.3,50.76,High
GMHCI-0161,2016,Philippines,Asia,Lower-Middle,7.59,6.49,0.98,0.655,1.09,1.07,5.0,5.95,83.3,48.7,1.22,2.26,3.7,6.5,57.0,22.7,42.7,43.86,Moderate
GMHCI-0162,2024,Russia,Europe,Upper-Middle,12.32,14.07,2.42,0.916,2.38,3.55,7.68,11.93,55.8,59.5,7.35,3.32,7.0,9.6,38.1,77.7,43.8,61.58,High
GMHCI-0163,2024,Turkey,Asia,Upper-Middle,6.36,12.25,3.37,0.623,8.12,0.91,11.88,6.02,53.5,48.8,5.74,2.93,10.4,7.0,40.8,22.8,43.9,43.1,Moderate
GMHCI-0164,2017,Colombia,South America,Upper-Middle,13.22,10.13,1.88,1.191,2.83,1.82,6.47,15.83,52.2,55.7,8.45,4.48,5.0,7.9,53.9,29.5,44.4,64.21,High
GMHCI-0165,2022,Spain,Europe,High,14.31,19.26,1.45,0.264,4.62,1.71,5.2,6.27,42.4,97.2,8.83,4.9,4.8,14.4,46.1,71.9,0.0,52.58,High
GMHCI-0166,2019,Indonesia,Asia,Lower-Middle,11.37,12.87,1.32,0.831,8.19,1.98,10.8,9.38,81.2,27.9,1.22,1.0,4.7,14.2,64.4,73.7,70.4,63.51,High
GMHCI-0167,2024,South Korea,Asia,High,13.68,13.4,2.2,0.989,6.22,0.86,7.99,11.58,41.0,96.1,15.59,7.25,7.0,24.1,34.3,69.3,12.0,55.34,High
GMHCI-0168,2024,Mexico,North America,Upper-Middle,14.27,13.5,0.73,1.122,3.82,2.71,4.23,8.57,53.3,74.1,2.46,2.92,4.3,14.6,46.6,57.9,31.2,56.83,High
GMHCI-0169,2015,Vietnam,Asia,Lower-Middle,10.92,5.74,3.13,0.275,4.71,3.01,4.97,4.0,72.0,38.5,0.48,2.12,4.8,20.9,56.5,56.9,70.6,47.55,Moderate
GMHCI-0170,2017,Japan,Asia,High,12.38,19.46,2.24,0.511,6.16,1.11,4.85,9.28,40.2,77.9,21.87,11.68,6.2,11.7,93.8,84.3,20.3,56.97,High
GMHCI-0171,2015,France,Europe,High,17.5,15.13,1.75,1.161,8.14,1.65,5.87,10.24,36.6,96.1,22.31,4.37,7.6,21.1,50.4,93.8,7.1,58.95,High
GMHCI-0172,2023,China,Asia,Upper-Middle,7.66,13.37,1.38,0.895,8.87,1.13,4.15,7.83,57.9,73.0,2.78,3.05,10.0,27.4,90.2,83.6,36.5,48.01,Moderate
GMHCI-0173,2019,China,Asia,Upper-Middle,9.55,14.77,2.61,0.355,1.21,2.92,8.48,17.5,61.8,47.0,7.37,3.0,5.2,19.0,38.0,33.9,48.5,67.73,High
GMHCI-0174,2022,Germany,Europe,High,17.25,20.24,1.01,1.189,7.12,2.53,10.48,6.28,49.1,88.5,14.21,4.84,3.9,8.8,88.6,72.5,8.2,59.83,High
GMHCI-0175,2016,Iran,Asia,Upper-Middle,14.43,10.54,1.11,0.973,6.25,2.35,2.71,17.83,62.3,59.3,8.48,2.61,5.0,10.2,90.5,69.0,42.6,70.31,High
GMHCI-0176,2020,Mexico,North America,Upper-Middle,12.3,15.57,2.65,0.498,1.77,2.88,5.15,15.82,56.3,47.1,9.2,3.37,3.3,10.2,67.5,77.6,44.3,68.47,High
GMHCI-0177,2024,Spain,Europe,High,15.87,11.48,1.97,0.581,3.76,1.76,3.57,15.53,35.3,96.2,18.79,5.05,3.5,10.5,70.4,30.7,3.8,60.02,High
GMHCI-0178,2020,South Korea,Asia,High,17.24,10.67,3.36,0.3,1.43,2.86,4.03,10.36,44.3,79.7,18.1,6.92,7.7,12.9,66.4,90.3,27.2,58.89,High
GMHCI-0179,2015,South Korea,Asia,High,9.35,11.13,3.42,0.814,3.82,2.48,9.43,5.12,51.2,71.7,21.39,4.81,8.8,10.3,87.9,67.8,37.3,43.65,Moderate
GMHCI-0180,2019,Philippines,Asia,Lower-Middle,5.95,11.56,0.55,0.468,3.82,3.86,9.7,4.7,74.6,48.3,1.42,0.95,7.5,3.5,65.3,52.1,50.0,44.22,Moderate
GMHCI-0181,2023,Norway,Europe,High,10.89,12.83,1.8,0.627,7.67,3.68,10.82,14.36,49.9,92.6,15.81,8.37,8.9,6.8,79.1,81.1,0.0,54.37,High
GMHCI-0182,2015,Italy,Europe,High,8.0,16.01,2.55,0.242,8.67,1.82,9.23,10.32,28.4,93.8,12.74,11.37,5.8,6.6,48.0,26.8,3.2,44.83,Moderate
GMHCI-0183,2021,China,Asia,Upper-Middle,12.57,14.93,2.61,0.859,5.88,0.62,3.7,17.59,70.8,51.1,7.25,3.44,4.8,6.8,26.4,26.2,47.8,73.47,High
GMHCI-0184,2023,Thailand,Asia,Upper-Middle,11.89,14.65,2.66,0.719,1.26,2.02,8.57,5.43,57.1,72.6,6.21,3.98,5.4,11.8,25.5,42.4,28.1,50.33,High
GMHCI-0185,2017,Norway,Europe,High,10.38,18.49,0.7,0.777,1.67,1.14,2.97,7.47,27.5,90.4,20.63,8.74,9.0,15.7,33.3,34.7,13.8,47.88,Moderate
GMHCI-0186,2021,South Africa,Africa,Upper-Middle,13.33,11.24,2.61,0.216,4.28,3.25,2.92,15.83,67.6,67.1,7.77,5.36,5.0,24.5,54.0,94.5,42.0,67.37,High
GMHCI-0187,2018,Brazil,South America,Upper-Middle,6.14,10.91,2.89,1.147,4.29,1.13,5.16,9.04,67.3,50.4,4.78,3.85,9.5,14.2,57.1,88.0,50.7,48.91,Moderate
GMHCI-0188,2019,Russia,Europe,Upper-Middle,14.7,16.46,2.84,0.463,1.04,2.25,6.71,16.48,56.8,70.8,7.52,5.64,9.7,10.5,35.9,33.9,33.1,71.93,High
GMHCI-0189,2024,Spain,Europe,High,10.28,11.21,0.59,0.922,4.28,3.34,6.55,8.0,46.1,96.7,19.29,9.44,4.2,20.1,90.6,47.1,0.0,42.64,Moderate
GMHCI-0190,2021,United Kingdom,Europe,High,16.52,10.63,2.05,0.727,5.2,2.63,8.01,4.33,34.8,74.8,10.16,7.64,3.3,10.2,64.5,20.4,30.5,48.52,Moderate
GMHCI-0191,2024,United States,North America,High,14.84,15.52,1.49,0.608,8.5,1.79,9.96,7.8,50.5,77.4,14.41,5.88,5.6,9.0,70.0,83.0,25.8,57.15,High
GMHCI-0192,2018,Canada,North America,High,9.09,19.75,2.56,0.89,5.07,3.19,9.02,6.04,26.7,80.2,11.66,9.38,8.6,13.1,86.3,57.1,18.0,45.76,Moderate
GMHCI-0193,2017,France,Europe,High,10.58,10.42,1.83,0.807,6.63,3.53,9.59,11.58,39.7,82.8,16.12,9.53,7.4,21.4,38.4,62.1,22.8,49.75,Moderate
GMHCI-0194,2015,Japan,Asia,High,11.62,11.72,2.57,0.858,4.75,3.45,7.34,13.6,30.3,84.6,11.33,8.31,5.5,14.2,73.8,60.0,5.8,51.19,High
GMHCI-0195,2017,Ukraine,Europe,Lower-Middle,7.12,10.92,0.68,0.512,5.44,2.41,6.56,5.62,73.6,33.6,1.62,1.53,8.5,15.5,79.1,92.4,68.6,49.18,Moderate
GMHCI-0196,2021,Australia,Oceania,High,11.3,12.38,3.11,0.699,4.2,0.94,8.58,12.87,33.8,92.1,15.97,7.26,4.8,27.9,76.9,45.4,16.4,52.46,High
GMHCI-0197,2015,Italy,Europe,High,16.93,12.09,2.39,0.272,2.5,3.56,9.33,11.18,54.6,86.1,18.14,7.51,5.9,21.9,40.3,55.7,19.6,61.33,High
GMHCI-0198,2023,Mexico,North America,Upper-Middle,8.63,17.53,2.59,0.63,7.63,1.51,9.06,17.92,57.2,67.3,5.52,2.63,9.1,7.7,44.3,23.3,23.9,65.15,High
GMHCI-0199,2022,Vietnam,Asia,Lower-Middle,10.2,13.7,2.28,1.016,4.61,0.91,8.46,8.36,70.6,43.4,0.53,2.15,6.8,21.7,77.6,59.9,62.4,58.4,High
GMHCI-0200,2017,Argentina,South America,Upper-Middle,7.5,16.98,2.56,0.857,4.03,2.36,6.85,6.51,69.6,56.6,5.78,2.59,9.2,25.5,41.9,37.6,47.5,52.67,High
GMHCI-0201,2018,Australia,Oceania,High,10.1,19.87,2.02,0.974,7.11,0.7,3.49,10.84,43.4,88.8,16.74,5.73,10.5,11.8,57.9,87.2,17.4,56.4,High
GMHCI-0202,2021,Pakistan,Asia,Lower-Middle,4.87,6.72,3.46,0.783,8.11,2.07,5.25,4.02,81.2,42.9,0.41,1.83,4.6,8.5,25.4,55.7,55.4,39.19,Moderate
GMHCI-0203,2022,France,Europe,High,11.89,17.99,2.45,0.603,5.14,0.97,10.11,13.13,37.3,79.9,14.81,10.15,4.1,23.7,97.6,41.0,26.1,60.73,High
GMHCI-0204,2020,Colombia,South America,Upper-Middle,7.59,11.25,1.96,0.715,6.83,0.83,4.56,7.22,70.7,70.2,8.73,3.66,9.5,17.6,47.5,20.6,29.0,45.97,Moderate
GMHCI-0205,2017,Kenya,Africa,Lower-Middle,5.9,10.52,1.36,1.166,5.35,1.43,9.97,3.35,77.3,45.6,1.35,0.52,3.9,20.9,91.3,45.3,49.8,41.71,Moderate
GMHCI-0206,2024,Norway,Europe,High,13.51,10.9,1.18,1.07,6.34,0.96,8.27,13.92,49.4,85.7,21.02,9.11,5.7,22.7,82.4,85.9,16.7,58.07,High
GMHCI-0207,2018,Ethiopia,Africa,Low,7.99,8.65,1.17,1.059,2.21,3.71,7.02,4.09,91.5,15.7,0.24,0.31,3.3,12.7,92.0,86.5,93.1,52.61,High
GMHCI-0208,2021,United Kingdom,Europe,High,10.3,13.69,3.14,1.196,2.95,2.73,9.4,5.48,50.7,77.3,21.42,4.08,10.0,19.7,95.3,78.0,18.9,44.96,Moderate
GMHCI-0209,2017,Netherlands,Europe,High,13.37,13.19,0.52,0.244,3.62,2.75,4.77,15.54,48.7,85.9,16.33,5.57,9.7,27.2,77.3,65.1,22.8,63.02,High
GMHCI-0210,2022,France,Europe,High,14.12,12.85,2.26,0.446,2.2,3.12,9.27,15.77,51.5,96.9,8.75,11.99,7.0,8.9,35.9,36.8,0.0,61.08,High
GMHCI-0211,2017,Russia,Europe,Upper-Middle,13.98,15.34,2.67,0.921,7.13,0.56,10.28,5.41,53.2,75.0,5.81,5.13,4.7,7.6,75.5,69.0,19.6,51.96,High
GMHCI-0212,2017,Ukraine,Europe,Lower-Middle,4.58,5.01,2.96,0.797,5.74,2.01,3.55,8.32,79.5,35.9,1.64,1.99,6.4,19.2,85.2,79.4,72.6,45.53,Moderate
GMHCI-0213,2023,South Africa,Africa,Upper-Middle,7.27,10.91,3.17,0.711,5.18,1.52,2.55,9.86,51.2,58.7,9.65,5.79,9.3,7.1,77.5,51.2,42.0,47.85,Moderate
GMHCI-0214,2016,Egypt,Africa,Lower-Middle,5.88,5.47,1.04,0.967,7.76,2.82,7.99,8.86,77.9,34.6,0.21,1.02,3.8,23.5,60.0,94.5,60.5,46.44,Moderate
GMHCI-0215,2018,Russia,Europe,Upper-Middle,6.03,12.05,3.15,0.774,6.71,1.05,6.23,10.93,62.1,70.1,6.26,4.22,7.8,5.2,31.7,90.5,29.2,48.4,Moderate
GMHCI-0216,2018,South Africa,Africa,Upper-Middle,13.81,8.62,1.81,0.68,1.23,2.01,5.98,6.32,51.9,51.1,9.65,3.09,9.2,25.3,72.4,29.7,47.5,50.86,High
GMHCI-0217,2021,Thailand,Asia,Upper-Middle,14.96,8.29,2.86,1.165,8.97,3.33,7.37,11.0,66.2,66.1,6.56,4.9,3.8,2.6,56.3,31.6,33.1,58.69,High
GMHCI-0218,2023,South Africa,Africa,Upper-Middle,14.71,11.88,1.74,0.271,2.52,2.43,2.12,13.4,65.1,63.7,7.12,2.97,8.7,25.1,35.0,70.3,39.3,65.7,High
GMHCI-0219,2018,Argentina,South America,Upper-Middle,11.78,10.73,0.95,0.674,1.77,2.64,6.31,17.41,71.3,66.4,9.82,2.07,5.1,14.0,41.1,31.2,36.3,66.65,High
GMHCI-0220,2020,Ukraine,Europe,Lower-Middle,7.02,5.04,0.76,0.877,7.5,3.5,7.52,10.87,76.2,48.6,0.33,2.4,5.5,20.6,36.0,71.8,42.2,47.42,Moderate
GMHCI-0221,2020,Tanzania,Africa,Low,6.93,7.29,1.21,0.925,4.19,3.05,7.25,4.33,97.6,21.5,0.5,0.54,4.1,9.3,31.7,88.5,76.0,48.6,Moderate
GMHCI-0222,2018,Ethiopia,Africa,Low,7.12,5.87,3.2,0.253,7.29,1.33,5.67,7.94,92.8,21.3,0.47,0.24,3.9,22.9,47.9,74.8,75.8,51.83,High
GMHCI-0223,2015,United Kingdom,Europe,High,16.33,15.58,2.48,1.195,1.66,3.24,11.72,6.62,41.7,75.4,24.33,8.42,4.2,2.4,53.5,66.5,25.2,56.2,High
GMHCI-0224,2021,Mexico,North America,Upper-Middle,10.1,17.09,3.05,1.162,2.79,1.59,10.81,7.93,55.8,51.5,9.51,3.43,6.8,3.8,54.3,84.7,39.4,55.03,High
GMHCI-0225,2020,Brazil,South America,Upper-Middle,11.23,17.16,2.47,1.197,4.03,0.5,6.44,9.99,59.2,70.9,7.47,5.47,4.8,20.3,82.9,69.7,34.6,59.32,High
GMHCI-0226,2015,Netherlands,Europe,High,13.77,17.44,1.95,1.133,3.19,1.24,9.94,8.56,47.1,81.0,11.92,9.83,8.6,6.7,89.6,47.0,11.3,55.77,High
GMHCI-0227,2017,China,Asia,Upper-Middle,11.68,10.04,2.51,0.864,3.9,3.87,11.55,10.09,75.0,66.7,7.04,4.2,11.0,15.1,50.2,51.7,41.9,57.13,High
GMHCI-0228,2019,India,Asia,Lower-Middle,9.25,11.16,1.37,1.111,5.73,1.63,3.79,3.16,82.3,44.2,1.25,1.51,4.1,18.6,65.4,42.3,53.6,48.02,Moderate
GMHCI-0229,2024,United States,North America,High,10.99,20.0,1.06,0.61,1.13,2.44,1.96,13.19,35.8,74.0,18.86,6.76,7.5,22.6,91.1,72.3,26.3,61.19,High
GMHCI-0230,2019,South Africa,Africa,Upper-Middle,10.37,9.94,1.9,1.069,8.44,1.24,9.32,5.68,68.9,75.0,6.25,5.4,5.3,20.0,65.8,42.5,34.2,47.0,Moderate
GMHCI-0231,2020,Netherlands,Europe,High,9.15,12.49,3.33,0.987,6.04,1.28,5.15,12.15,29.9,78.9,18.85,7.96,4.4,19.3,46.7,45.9,20.7,48.62,Moderate
GMHCI-0232,2017,Germany,Europe,High,13.2,17.54,1.7,1.064,8.78,1.82,6.25,14.29,45.5,91.5,20.01,4.1,8.5,7.9,44.5,50.5,2.5,61.47,High
GMHCI-0233,2021,Bangladesh,Asia,Lower-Middle,8.56,7.29,3.43,1.163,6.76,2.48,9.07,6.43,73.2,42.2,0.84,1.98,10.7,14.2,53.2,20.4,55.6,46.99,Moderate
GMHCI-0234,2019,Italy,Europe,High,13.88,11.57,2.89,0.95,2.58,3.45,1.79,4.44,36.4,88.6,13.17,9.75,10.0,6.7,50.7,21.1,2.3,41.88,Moderate
GMHCI-0235,2019,South Africa,Africa,Upper-Middle,11.82,13.69,1.32,0.713,6.99,3.26,4.43,10.18,63.2,62.6,3.38,2.09,10.3,20.5,32.4,92.5,38.2,58.4,High
GMHCI-0236,2022,Netherlands,Europe,High,16.6,14.48,0.89,0.514,4.89,2.51,8.88,14.46,28.8,90.6,10.2,7.3,5.0,27.1,40.9,44.1,15.3,63.01,High
GMHCI-0237,2015,Brazil,South America,Upper-Middle,12.73,16.26,1.3,0.926,7.28,3.26,10.05,10.22,59.3,46.5,4.22,4.23,3.9,12.4,69.8,81.7,61.1,64.9,High
GMHCI-0238,2018,Bangladesh,Asia,Lower-Middle,4.75,12.25,2.19,1.194,3.54,2.43,7.59,3.92,72.7,33.9,0.75,2.08,7.3,27.9,89.8,68.7,69.2,44.69,Moderate
GMHCI-0239,2024,Italy,Europe,High,12.82,18.83,2.31,0.832,4.17,1.11,2.43,15.64,39.8,79.6,18.01,9.47,8.2,4.7,34.3,67.7,22.7,66.14,High
GMHCI-0240,2021,Colombia,South America,Upper-Middle,9.89,11.86,1.45,0.56,5.51,2.99,6.11,6.27,59.6,45.3,6.15,4.48,6.3,27.2,74.2,23.6,61.5,51.57,High
GMHCI-0241,2020,Canada,North America,High,12.32,19.11,2.33,0.822,8.74,3.24,5.84,12.8,31.8,95.1,12.45,10.43,3.2,6.1,61.3,76.2,0.0,57.13,High
GMHCI-0242,2021,South Korea,Asia,High,8.23,20.03,2.72,0.459,6.01,3.75,9.63,15.96,33.3,85.8,19.0,9.02,7.0,3.1,79.1,45.8,8.9,58.24,High
GMHCI-0243,2023,Russia,Europe,Upper-Middle,7.71,12.89,0.73,0.566,1.56,1.66,11.58,5.96,65.7,49.6,5.05,5.8,7.6,14.4,94.2,84.4,52.7,48.67,Moderate
GMHCI-0244,2016,Italy,Europe,High,16.39,13.91,2.55,0.305,3.63,3.59,8.54,12.45,35.6,79.8,20.58,4.05,10.6,25.9,50.8,47.9,21.9,61.43,High
GMHCI-0245,2015,Canada,North America,High,10.52,16.18,0.9,0.969,3.7,3.74,7.01,12.63,46.7,86.5,11.56,8.59,10.2,18.1,73.6,87.4,11.2,55.69,High
GMHCI-0246,2018,Poland,Europe,Upper-Middle,8.13,14.78,2.69,0.505,6.35,1.19,11.35,6.05,57.9,60.3,6.51,5.3,8.8,21.7,74.9,42.7,36.5,47.47,Moderate
GMHCI-0247,2020,Norway,Europe,High,16.27,10.38,1.27,0.304,4.57,2.5,3.02,8.48,49.8,93.1,10.34,5.5,9.9,19.3,77.2,72.6,3.3,51.93,High
GMHCI-0248,2016,Ukraine,Europe,Lower-Middle,5.53,9.49,3.23,0.337,7.76,2.07,9.93,10.26,74.5,41.7,0.11,1.42,10.8,19.8,42.9,20.8,49.6,49.4,Moderate
GMHCI-0249,2021,United States,North America,High,12.62,11.19,0.84,1.022,5.96,2.1,6.01,14.9,43.3,85.1,23.01,5.31,8.5,12.5,37.4,55.0,17.8,57.69,High
GMHCI-0250,2021,Germany,Europe,High,17.73,19.73,2.54,0.531,4.69,3.82,3.93,12.86,32.9,96.8,11.86,10.56,8.4,26.2,70.8,88.6,0.0,65.46,High
GMHCI-0251,2020,Colombia,South America,Upper-Middle,13.13,10.13,1.74,0.91,2.19,3.03,10.88,5.46,55.3,60.8,7.79,3.94,6.4,5.5,26.8,79.6,45.4,50.3,High
GMHCI-0252,2021,Ethiopia,Africa,Low,8.19,6.81,2.23,1.094,3.7,1.5,2.84,4.74,91.3,19.9,0.42,0.87,7.8,15.6,60.5,57.1,75.8,49.49,Moderate
GMHCI-0253,2021,Ghana,Africa,Lower-Middle,5.41,5.59,1.3,0.639,3.43,1.22,3.35,3.37,78.1,41.8,1.62,2.18,9.2,12.2,73.3,58.9,54.9,37.47,Moderate
GMHCI-0254,2019,Ghana,Africa,Lower-Middle,5.43,7.76,3.1,0.282,6.47,3.87,6.71,5.26,82.6,43.2,0.73,1.58,7.9,23.1,37.6,47.0,48.5,41.82,Moderate
GMHCI-0255,2020,South Korea,Asia,High,16.27,21.91,2.95,0.564,3.83,3.21,6.83,6.95,25.1,73.3,23.39,11.57,7.7,4.9,75.6,91.2,25.5,59.84,High
GMHCI-0256,2019,Germany,Europe,High,11.05,16.68,2.42,0.421,6.07,1.59,8.06,10.1,44.5,79.9,9.27,11.49,10.1,3.3,48.8,35.4,14.8,53.57,High
GMHCI-0257,2018,South Africa,Africa,Upper-Middle,14.42,11.81,2.51,1.077,4.29,0.56,10.17,9.8,57.9,49.9,3.14,5.37,6.1,14.9,38.2,37.6,41.2,59.42,High
GMHCI-0258,2015,Argentina,South America,Upper-Middle,11.83,10.73,2.98,0.667,6.68,1.52,7.25,14.99,60.9,60.0,3.98,4.7,10.8,2.8,91.1,77.1,33.1,61.29,High
GMHCI-0259,2019,Norway,Europe,High,13.03,16.96,1.27,0.704,6.75,2.85,2.99,9.15,39.4,71.7,23.83,10.05,3.6,26.9,28.4,79.9,32.1,57.07,High
GMHCI-0260,2024,South Korea,Asia,High,14.9,16.18,2.57,1.14,7.73,3.2,7.67,11.28,34.7,79.0,14.39,5.52,10.3,23.7,32.9,47.8,15.2,58.66,High
GMHCI-0261,2019,United Kingdom,Europe,High,13.66,14.27,0.7,0.418,6.78,2.49,8.12,13.9,37.9,80.6,20.63,10.05,8.2,17.1,42.0,92.2,25.6,60.89,High
GMHCI-0262,2024,Japan,Asia,High,10.96,18.93,1.93,0.703,4.11,3.51,9.18,10.35,53.6,76.8,10.61,9.52,6.2,12.8,77.0,32.9,16.2,57.44,High
GMHCI-0263,2018,Russia,Europe,Upper-Middle,9.68,10.73,0.88,0.671,3.88,1.77,9.79,8.98,55.0,52.5,6.63,4.1,7.1,5.7,44.7,49.8,51.3,51.78,High
GMHCI-0264,2022,Turkey,Asia,Upper-Middle,7.62,11.41,0.99,0.725,3.3,3.09,8.95,12.85,58.6,46.4,6.81,2.09,7.4,22.6,81.7,76.4,44.2,54.4,High
GMHCI-0265,2015,South Africa,Africa,Upper-Middle,11.68,17.68,1.8,1.018,3.47,2.78,4.81,8.85,68.9,56.4,4.53,3.27,3.8,15.8,45.1,90.8,38.2,60.86,High
GMHCI-0266,2019,New Zealand,Oceania,High,13.15,19.66,0.62,0.939,5.48,1.8,9.95,14.6,31.8,87.8,14.41,6.78,6.8,8.1,85.4,27.1,19.2,64.16,High
GMHCI-0267,2021,Argentina,South America,Upper-Middle,10.98,11.34,2.76,0.997,1.47,3.72,3.68,13.83,72.5,65.5,6.52,3.3,3.1,8.6,48.9,75.8,32.1,60.68,High
GMHCI-0268,2015,Germany,Europe,High,8.65,17.11,1.38,0.233,6.12,3.57,2.19,13.36,44.8,83.0,14.36,11.11,7.2,26.4,25.8,81.9,22.1,56.3,High
GMHCI-0269,2022,China,Asia,Upper-Middle,9.88,14.2,2.06,0.94,5.16,3.65,10.76,16.41,64.0,53.4,7.37,5.55,4.9,9.0,78.9,79.7,55.7,67.57,High
GMHCI-0270,2021,Turkey,Asia,Upper-Middle,10.9,16.51,2.43,0.388,3.9,0.63,11.46,7.32,51.0,52.6,6.86,3.57,4.8,16.1,64.2,42.8,39.1,53.99,High
GMHCI-0271,2023,South Korea,Asia,High,15.93,10.21,1.86,0.875,3.31,2.83,6.44,8.12,47.5,82.9,14.42,9.15,8.1,19.0,37.0,79.1,18.3,52.7,High
GMHCI-0272,2024,Russia,Europe,Upper-Middle,9.29,16.61,2.62,1.177,2.26,3.36,11.68,13.9,66.7,45.2,5.43,4.75,7.6,13.4,33.4,61.5,46.2,64.45,High
GMHCI-0273,2016,Egypt,Africa,Lower-Middle,7.13,11.38,3.23,0.699,3.7,3.58,11.66,9.81,80.8,26.9,1.12,0.98,9.8,23.8,31.4,92.3,83.0,58.69,High
GMHCI-0274,2021,China,Asia,Upper-Middle,11.48,8.68,2.66,0.558,5.53,3.3,2.24,11.84,59.2,70.6,7.11,5.69,4.5,16.4,65.3,21.4,19.9,52.33,High
GMHCI-0275,2016,Sweden,Europe,High,16.5,19.95,1.94,0.676,1.94,1.04,6.19,8.85,25.1,77.3,23.69,9.54,8.9,9.4,33.7,72.3,31.0,61.84,High
GMHCI-0276,2019,Australia,Oceania,High,11.97,15.03,2.42,0.506,7.43,1.55,1.9,11.93,51.7,97.4,12.78,11.64,5.2,25.7,37.8,41.7,0.0,54.77,High
GMHCI-0277,2022,Saudi Arabia,Asia,High,15.36,14.4,3.04,1.154,2.63,0.67,2.43,10.56,45.9,92.0,11.17,7.06,10.4,15.3,60.1,91.4,7.4,57.23,High
GMHCI-0278,2024,Pakistan,Asia,Lower-Middle,10.69,10.65,2.54,0.446,2.9,2.61,5.87,7.47,86.6,41.1,1.36,1.52,3.5,4.7,45.1,64.2,58.6,56.95,High
GMHCI-0279,2015,Colombia,South America,Upper-Middle,6.08,12.57,2.9,0.54,2.09,1.76,5.17,6.2,71.3,53.7,5.35,4.67,5.6,2.3,72.8,41.0,54.7,47.6,Moderate
GMHCI-0280,2024,Brazil,South America,Upper-Middle,14.21,13.17,1.81,0.963,6.34,0.86,9.38,7.9,59.4,57.9,8.16,4.84,7.2,8.6,69.4,73.0,46.5,58.75,High
GMHCI-0281,2017,Colombia,South America,Upper-Middle,14.93,12.94,1.86,0.228,5.98,3.63,11.44,12.61,64.8,72.7,2.83,4.34,6.1,25.1,79.2,28.7,32.5,64.81,High
GMHCI-0282,2018,Thailand,Asia,Upper-Middle,10.5,16.08,3.27,0.602,8.7,3.67,9.13,11.46,58.1,61.4,4.99,4.01,10.2,14.7,86.6,38.8,44.6,60.7,High
GMHCI-0283,2024,Iran,Asia,Upper-Middle,11.59,17.84,2.71,0.499,6.42,0.61,3.88,16.2,58.1,57.5,2.35,2.17,6.7,4.8,63.5,59.5,35.6,69.05,High
GMHCI-0284,2015,Australia,Oceania,High,10.33,18.6,2.65,0.736,6.47,3.11,10.13,7.51,27.7,91.9,15.79,6.49,6.2,7.5,97.3,65.8,14.8,48.15,Moderate
GMHCI-0285,2016,Canada,North America,High,13.46,17.26,0.85,0.89,3.01,0.59,6.6,7.36,49.0,76.8,23.73,8.49,6.8,12.5,80.9,25.4,13.9,54.19,High
GMHCI-0286,2018,South Korea,Asia,High,9.0,11.57,1.22,0.267,5.66,1.5,8.1,12.19,48.5,77.2,8.19,7.86,9.4,15.0,58.4,90.0,22.2,50.7,High
GMHCI-0287,2016,Sweden,Europe,High,11.2,21.0,0.77,0.465,6.98,3.2,4.26,7.67,53.0,72.8,13.92,4.17,4.9,22.9,83.9,39.5,32.0,58.21,High
GMHCI-0288,2021,United States,North America,High,13.61,14.7,2.0,0.626,1.62,0.95,8.98,11.07,35.9,79.9,18.14,8.37,5.2,18.6,56.7,84.3,16.2,55.57,High
GMHCI-0289,2017,China,Asia,Upper-Middle,6.52,17.88,0.53,1.178,3.32,1.9,7.28,8.98,61.8,51.0,7.83,2.79,6.0,23.4,39.3,35.3,49.3,54.64,High
GMHCI-0290,2019,France,Europe,High,11.14,16.88,2.69,0.736,1.84,1.08,2.5,13.04,34.2,90.9,17.84,11.94,5.7,18.3,73.3,56.6,18.4,56.92,High
GMHCI-0291,2021,Poland,Europe,Upper-Middle,14.38,11.06,3.15,0.539,4.61,2.19,11.28,7.89,57.2,61.9,9.52,3.48,5.1,22.3,39.9,55.1,41.6,55.98,High
GMHCI-0292,2019,United Kingdom,Europe,High,16.84,15.18,0.64,0.427,4.44,2.69,11.02,13.09,36.9,96.0,11.19,9.0,9.6,13.6,86.6,20.4,7.5,62.14,High
GMHCI-0293,2021,Poland,Europe,Upper-Middle,13.25,11.64,2.56,0.778,5.11,2.45,5.95,5.94,61.3,62.8,6.6,4.09,7.7,20.8,32.5,33.1,46.5,53.59,High
GMHCI-0294,2016,Philippines,Asia,Lower-Middle,10.06,11.92,1.0,0.743,2.74,2.33,8.4,5.1,80.9,46.1,1.1,2.27,10.5,5.0,66.4,78.2,56.9,52.81,High
GMHCI-0295,2019,Argentina,South America,Upper-Middle,14.64,8.32,1.0,0.362,7.29,2.87,10.35,10.17,54.5,69.5,3.11,3.02,3.3,20.8,91.3,40.8,25.9,54.25,High
GMHCI-0296,2019,South Africa,Africa,Upper-Middle,6.5,17.59,1.28,0.713,5.52,2.67,10.93,10.37,74.7,52.8,3.59,3.12,3.8,14.4,66.6,59.9,52.0,58.66,High
GMHCI-0297,2017,Ukraine,Europe,Lower-Middle,6.39,7.05,3.04,0.851,7.97,1.75,11.98,10.31,72.6,36.0,0.92,2.5,10.4,17.0,58.6,69.8,70.2,51.25,High
GMHCI-0298,2016,India,Asia,Lower-Middle,5.43,13.8,1.13,1.01,6.49,2.76,2.92,6.87,78.9,41.1,0.69,1.13,7.4,19.4,59.9,21.5,61.1,50.87,High
GMHCI-0299,2024,Mexico,North America,Upper-Middle,9.13,15.27,1.19,0.8,8.59,1.64,1.99,15.56,72.9,47.3,6.25,5.78,8.6,11.8,55.5,84.4,48.1,66.55,High
GMHCI-0300,2019,Argentina,South America,Upper-Middle,10.21,15.13,2.68,0.944,4.06,1.97,1.7,14.29,51.1,56.1,6.2,2.72,4.6,2.1,39.5,50.0,49.2,62.98,High
GMHCI-0301,2021,Nigeria,Africa,Lower-Middle,10.02,11.08,3.37,0.464,7.97,3.4,5.44,3.04,70.4,49.3,0.25,1.21,10.3,19.2,72.5,41.5,48.5,46.26,Moderate
GMHCI-0302,2019,France,Europe,High,16.57,17.34,3.22,0.372,6.19,1.97,9.24,13.89,38.7,76.9,21.09,8.79,5.8,6.8,80.0,70.8,14.6,66.18,High
GMHCI-0303,2022,New Zealand,Oceania,High,14.85,12.99,1.82,0.795,4.69,1.07,3.82,15.41,49.8,91.3,8.21,8.48,7.5,23.6,31.3,60.2,14.3,63.6,High
GMHCI-0304,2023,Sweden,Europe,High,12.81,19.52,0.65,0.714,8.93,2.37,4.02,9.76,41.7,96.3,15.32,5.5,10.4,4.3,97.6,65.1,2.5,55.85,High
GMHCI-0305,2022,Japan,Asia,High,17.63,17.73,0.81,1.109,1.53,2.84,5.56,11.79,50.4,97.3,17.44,5.19,3.6,14.8,97.1,60.4,8.7,66.0,High
GMHCI-0306,2023,Ukraine,Europe,Lower-Middle,9.2,6.24,1.22,0.208,3.33,3.25,2.96,5.8,72.4,34.3,1.63,1.53,10.6,7.4,86.3,81.2,74.5,48.76,Moderate
GMHCI-0307,2017,Ukraine,Europe,Lower-Middle,5.43,12.15,1.57,0.307,8.23,1.94,9.98,4.22,70.4,47.6,1.52,0.72,4.8,8.5,53.5,26.2,45.2,42.0,Moderate
GMHCI-0308,2019,Saudi Arabia,Asia,High,9.66,18.68,0.52,1.022,2.49,2.18,8.54,4.21,42.0,92.0,19.75,6.07,8.2,4.2,33.7,24.4,3.7,43.23,Moderate
GMHCI-0309,2018,Italy,Europe,High,14.7,21.98,1.83,0.74,6.16,1.97,8.58,4.9,53.3,87.3,17.73,6.71,3.1,15.1,53.4,51.6,10.8,56.98,High
GMHCI-0310,2023,Pakistan,Asia,Lower-Middle,6.44,13.55,1.67,0.923,4.16,1.08,3.97,8.39,76.2,23.5,0.91,2.03,6.0,22.4,65.1,43.4,68.6,54.87,High
GMHCI-0311,2023,France,Europe,High,12.48,14.19,2.62,0.301,4.24,3.27,3.11,15.13,53.1,80.9,22.39,9.3,7.3,27.0,59.3,60.0,22.7,62.78,High
GMHCI-0312,2024,Norway,Europe,High,12.64,11.12,3.25,0.312,5.91,1.72,4.6,13.94,38.2,83.7,18.12,5.28,4.8,13.9,51.2,43.2,26.1,56.79,High
GMHCI-0313,2024,Bangladesh,Asia,Lower-Middle,7.53,6.1,2.36,1.017,6.99,3.62,11.52,4.09,87.9,23.0,0.78,0.54,3.2,2.5,29.8,92.9,74.4,46.3,Moderate
GMHCI-0314,2016,South Africa,Africa,Upper-Middle,10.88,11.17,1.05,0.608,5.43,2.29,2.38,6.87,61.5,73.1,2.04,3.28,10.2,16.5,74.1,26.9,24.7,47.93,Moderate
GMHCI-0315,2023,Norway,Europe,High,8.26,20.83,3.29,0.875,8.41,1.71,11.92,5.69,35.2,71.8,12.5,7.82,9.5,14.0,39.2,20.7,33.8,48.77,Moderate
GMHCI-0316,2017,Iran,Asia,Upper-Middle,6.89,8.82,2.48,0.579,2.49,2.54,8.63,8.28,65.0,51.7,8.57,4.55,4.6,8.7,30.5,42.6,39.9,45.02,Moderate
GMHCI-0317,2015,Tanzania,Africa,Low,7.81,9.56,2.13,0.664,1.72,2.18,11.93,6.85,94.4,9.4,0.3,0.8,8.0,2.1,88.4,50.4,94.9,57.74,High
GMHCI-0318,2021,Pakistan,Asia,Lower-Middle,4.03,11.61,0.9,0.983,3.33,3.09,2.88,6.66,87.7,39.5,0.89,1.81,9.2,15.5,84.2,90.9,59.2,47.71,Moderate
GMHCI-0319,2016,Australia,Oceania,High,14.81,10.88,3.28,0.967,7.19,3.38,6.42,10.0,43.4,83.5,11.39,9.45,8.2,19.3,81.8,86.7,24.4,54.65,High
GMHCI-0320,2021,United States,North America,High,15.83,14.6,2.08,0.644,5.39,0.66,6.57,9.89,51.8,72.8,21.69,8.52,8.9,3.6,83.6,49.3,25.9,60.81,High
GMHCI-0321,2021,Colombia,South America,Upper-Middle,8.96,17.0,2.55,0.277,6.3,3.61,11.85,8.73,69.3,73.4,3.68,4.78,4.1,2.6,36.8,58.8,27.1,54.7,High
GMHCI-0322,2016,Saudi Arabia,Asia,High,15.82,15.3,3.46,0.381,5.31,2.33,5.68,13.4,41.6,75.0,8.45,11.4,6.2,16.6,38.2,25.4,19.8,63.83,High
GMHCI-0323,2015,Colombia,South America,Upper-Middle,13.29,17.54,3.14,0.507,5.72,1.04,11.48,10.71,56.4,45.8,9.57,3.43,7.1,8.4,72.6,44.2,56.4,66.37,High
GMHCI-0324,2016,Netherlands,Europe,High,8.21,13.67,2.73,0.291,3.81,0.52,5.4,10.34,32.8,77.0,13.54,9.24,6.7,22.3,53.2,65.4,21.6,46.45,Moderate
GMHCI-0325,2019,Russia,Europe,Upper-Middle,12.24,11.88,2.0,0.635,2.29,2.81,8.34,8.59,65.5,57.9,9.58,5.03,3.9,19.0,64.8,93.6,33.0,54.71,High
GMHCI-0326,2016,Netherlands,Europe,High,10.63,11.16,0.64,0.29,8.96,1.12,5.65,15.63,27.2,72.5,24.2,4.32,7.9,26.4,67.5,43.5,21.4,53.99,High
GMHCI-0327,2019,Italy,Europe,High,16.27,19.18,1.06,0.853,2.43,1.57,9.52,8.01,41.7,86.8,16.11,10.48,10.7,26.2,87.3,66.3,9.3,58.94,High
GMHCI-0328,2017,Japan,Asia,High,11.48,21.83,2.5,0.925,6.04,1.68,5.58,13.71,27.7,82.6,22.11,5.13,7.1,11.1,54.4,38.2,14.5,61.25,High
GMHCI-0329,2018,Ghana,Africa,Lower-Middle,5.15,12.04,2.37,0.399,2.2,2.75,4.76,3.25,73.8,32.4,0.38,1.71,4.5,17.8,75.6,54.1,71.4,44.62,Moderate
GMHCI-0330,2024,Colombia,South America,Upper-Middle,10.24,10.1,1.19,1.089,8.88,2.05,12.0,10.17,53.2,52.7,3.34,4.57,7.3,22.8,65.2,78.9,54.8,53.89,High
GMHCI-0331,2020,Germany,Europe,High,9.56,20.94,2.28,0.588,2.16,2.4,10.04,8.55,54.9,94.0,9.35,8.44,4.1,10.5,67.6,50.0,13.2,54.57,High
GMHCI-0332,2018,Canada,North America,High,10.92,11.53,2.16,0.824,1.24,3.27,3.63,10.6,25.6,97.7,19.7,10.84,10.8,26.9,33.9,82.4,0.0,44.29,Moderate
GMHCI-0333,2021,Japan,Asia,High,8.17,17.96,2.15,0.476,8.45,1.98,8.94,12.85,34.0,90.8,22.5,11.77,8.6,27.3,52.4,39.9,18.1,53.44,High
GMHCI-0334,2023,Pakistan,Asia,Lower-Middle,4.15,6.42,0.84,0.717,3.95,1.52,11.47,11.49,79.4,41.2,1.07,1.26,3.7,8.1,62.6,47.5,53.9,47.8,Moderate
GMHCI-0335,2022,Mexico,North America,Upper-Middle,8.54,14.86,1.92,0.256,4.15,3.94,5.4,6.85,64.4,75.0,3.29,3.86,9.9,2.2,71.4,66.4,24.1,48.36,Moderate
GMHCI-0336,2022,Ukraine,Europe,Lower-Middle,9.85,7.11,1.76,0.503,1.73,1.7,11.56,8.83,81.5,22.5,1.15,0.83,6.1,5.2,45.9,29.6,83.9,57.47,High
GMHCI-0337,2024,Egypt,Africa,Lower-Middle,11.56,7.59,1.82,0.584,8.48,3.57,5.64,3.66,84.5,46.0,1.57,0.71,4.2,4.8,35.2,60.0,61.1,50.14,High
GMHCI-0338,2018,Bangladesh,Asia,Lower-Middle,9.24,10.43,1.01,0.262,8.49,2.86,6.63,10.49,81.6,35.7,1.59,1.21,5.3,10.9,47.1,56.9,64.7,59.08,High
GMHCI-0339,2017,Bangladesh,Asia,Lower-Middle,4.53,5.89,0.75,0.811,1.41,2.66,11.15,8.61,83.3,26.3,0.72,1.96,5.7,4.9,59.2,21.0,77.1,47.92,Moderate
GMHCI-0340,2020,Mexico,North America,Upper-Middle,12.96,16.85,1.32,0.552,5.23,3.38,4.21,8.3,51.1,46.1,8.22,3.49,3.8,25.5,50.1,41.9,47.1,59.73,High
GMHCI-0341,2018,Ghana,Africa,Lower-Middle,9.0,8.97,2.24,0.342,6.15,2.1,3.04,10.39,71.8,49.0,0.82,2.11,7.6,14.3,70.4,88.6,43.1,52.54,High
GMHCI-0342,2023,Sweden,Europe,High,10.98,10.81,1.81,0.657,4.82,1.57,9.53,7.49,47.9,92.1,15.61,6.55,10.3,13.8,91.9,72.2,17.7,45.47,Moderate
GMHCI-0343,2021,New Zealand,Oceania,High,17.12,12.53,2.07,0.266,8.62,3.12,9.22,8.09,36.7,72.9,15.24,10.59,4.8,5.9,86.1,94.1,26.1,55.94,High
GMHCI-0344,2017,Nigeria,Africa,Lower-Middle,5.43,8.89,3.12,0.559,1.16,1.29,3.97,10.6,82.7,28.7,1.0,2.14,7.6,10.4,34.9,71.7,81.0,55.15,High
GMHCI-0345,2020,New Zealand,Oceania,High,14.62,13.68,1.24,0.362,8.89,1.49,7.06,14.5,46.3,95.4,13.27,5.65,8.1,22.9,38.8,58.2,0.0,59.97,High
GMHCI-0346,2017,Ghana,Africa,Lower-Middle,4.54,11.02,1.25,1.126,3.64,1.08,6.08,8.53,71.3,21.6,1.73,1.87,6.3,7.1,43.1,57.7,75.9,50.47,High
GMHCI-0347,2023,South Africa,Africa,Upper-Middle,12.83,9.88,2.06,1.029,1.85,2.73,7.62,16.23,64.4,71.7,4.74,2.01,3.5,10.3,35.0,82.3,27.4,63.31,High
GMHCI-0348,2015,Japan,Asia,High,17.2,17.12,1.84,1.104,5.28,3.69,7.78,11.66,29.2,88.0,11.58,10.57,4.3,14.8,67.4,57.3,10.9,61.75,High
GMHCI-0349,2024,Canada,North America,High,16.39,10.19,1.18,1.165,5.85,1.18,8.83,5.22,31.4,86.0,8.06,7.04,4.1,3.4,32.5,53.3,8.9,45.42,Moderate
GMHCI-0350,2020,Australia,Oceania,High,13.2,14.94,1.23,0.712,5.98,2.96,8.96,6.47,52.6,81.3,9.22,8.56,5.4,22.0,48.4,54.5,27.7,53.11,High
GMHCI-0351,2017,Italy,Europe,High,8.98,14.04,3.16,0.594,5.1,3.91,6.15,7.54,54.8,70.9,16.46,9.4,8.7,17.9,36.5,64.5,21.9,47.38,Moderate
GMHCI-0352,2015,Iran,Asia,Upper-Middle,11.5,9.89,2.36,0.755,2.84,3.32,4.17,6.31,65.0,47.0,3.28,3.39,9.0,8.6,45.2,22.1,52.9,51.61,High
GMHCI-0353,2023,Argentina,South America,Upper-Middle,13.24,17.46,0.82,0.581,4.77,2.12,11.16,5.46,70.0,48.7,3.15,3.13,7.5,3.6,80.2,40.9,51.1,60.22,High
GMHCI-0354,2023,South Korea,Asia,High,16.16,15.43,1.7,0.658,6.14,3.41,9.53,6.83,49.0,80.2,24.1,9.38,9.7,15.8,46.7,77.6,17.0,56.01,High
GMHCI-0355,2020,China,Asia,Upper-Middle,9.7,13.73,2.77,1.075,6.04,1.33,10.25,17.8,58.1,71.4,2.41,3.41,4.4,10.5,78.1,33.0,38.2,65.3,High
GMHCI-0356,2023,Poland,Europe,Upper-Middle,13.32,11.61,2.57,0.569,4.06,0.99,3.32,12.59,73.2,74.7,4.86,5.0,9.7,26.5,94.2,68.9,30.1,62.26,High
GMHCI-0357,2016,Pakistan,Asia,Lower-Middle,10.47,9.25,2.94,0.251,5.09,2.49,1.84,7.48,82.1,31.1,0.13,2.05,9.0,25.1,90.7,25.6,64.2,55.54,High
GMHCI-0358,2019,Ghana,Africa,Lower-Middle,8.49,5.24,1.99,0.208,6.31,2.13,2.61,6.11,82.1,38.5,1.0,1.13,5.2,13.3,63.2,21.5,59.7,46.56,Moderate
GMHCI-0359,2020,Mexico,North America,Upper-Middle,8.82,12.71,0.92,0.585,5.29,3.47,9.32,14.8,65.8,67.4,4.9,5.17,9.2,16.3,62.3,24.6,41.6,60.67,High
GMHCI-0360,2018,Iran,Asia,Upper-Middle,6.51,8.18,1.8,0.514,3.69,2.37,3.45,14.89,65.5,68.7,6.75,3.67,5.3,8.4,69.6,41.4,25.8,51.05,High
GMHCI-0361,2015,Spain,Europe,High,16.41,11.13,3.23,0.236,3.37,2.0,5.85,7.35,53.1,96.6,14.53,5.05,10.9,16.9,32.1,56.1,0.0,51.25,High
GMHCI-0362,2016,Poland,Europe,Upper-Middle,7.28,14.64,1.47,0.671,8.28,2.57,9.88,16.78,65.2,71.3,6.52,3.76,5.2,22.7,93.7,38.1,21.4,59.92,High
GMHCI-0363,2021,Nigeria,Africa,Lower-Middle,4.34,5.79,1.86,0.427,5.78,2.31,9.68,5.16,71.1,48.4,1.67,1.56,9.0,19.0,39.6,69.6,59.6,38.28,Moderate
GMHCI-0364,2023,Iran,Asia,Upper-Middle,12.1,15.07,1.65,0.894,3.99,1.7,2.97,11.88,68.3,48.3,7.27,2.34,10.3,4.4,42.8,27.2,57.0,66.01,High
GMHCI-0365,2021,Egypt,Africa,Lower-Middle,5.83,11.08,2.49,0.497,6.57,3.3,3.99,7.68,83.1,37.9,1.1,0.81,9.1,23.6,65.1,42.6,69.6,52.0,High
GMHCI-0366,2024,Indonesia,Asia,Lower-Middle,9.83,9.57,0.53,0.444,1.75,1.32,9.32,6.45,84.0,49.2,1.63,2.28,7.5,26.5,31.4,55.5,43.5,50.69,High
GMHCI-0367,2019,Philippines,Asia,Lower-Middle,7.52,5.74,1.47,1.107,6.34,1.57,3.01,5.27,76.8,42.6,0.58,2.11,6.2,23.0,32.4,36.0,59.8,43.71,Moderate
GMHCI-0368,2018,United Kingdom,Europe,High,9.74,14.64,1.2,1.179,1.71,1.02,9.39,13.11,34.6,71.5,19.74,11.0,6.1,8.6,72.6,38.6,32.1,55.16,High
GMHCI-0369,2017,Bangladesh,Asia,Lower-Middle,4.75,11.05,1.64,0.536,6.59,2.55,9.86,7.67,79.7,21.5,0.28,2.28,6.7,4.6,59.7,73.0,85.8,52.36,High
GMHCI-0370,2019,Argentina,South America,Upper-Middle,11.39,10.95,3.34,1.199,8.75,1.66,1.83,6.67,61.5,63.7,8.23,4.13,10.9,2.7,52.8,35.2,41.8,50.72,High
GMHCI-0371,2015,United Kingdom,Europe,High,14.07,21.19,2.66,0.691,3.96,2.04,10.93,8.34,26.0,87.4,18.32,8.23,9.4,4.6,38.4,36.6,10.5,55.94,High
GMHCI-0372,2021,Indonesia,Asia,Lower-Middle,10.56,11.46,1.65,0.606,6.48,1.11,3.99,6.44,78.7,37.0,1.6,1.15,9.4,24.4,91.9,60.9,59.4,54.99,High
GMHCI-0373,2024,South Korea,Asia,High,16.66,12.91,3.07,0.751,2.27,1.54,6.98,8.72,40.9,91.3,20.32,9.27,6.1,4.4,39.1,61.7,5.1,54.01,High
GMHCI-0374,2024,Russia,Europe,Upper-Middle,11.47,11.86,1.09,0.757,3.3,3.14,11.63,16.44,63.4,67.3,7.71,2.41,7.5,3.0,42.6,46.3,39.6,65.19,High
GMHCI-0375,2024,Germany,Europe,High,17.74,12.2,3.32,0.435,7.88,3.81,5.5,15.93,25.4,83.9,12.06,11.83,6.0,22.6,71.7,58.0,13.4,63.75,High
GMHCI-0376,2019,China,Asia,Upper-Middle,11.23,16.65,2.24,1.02,7.75,1.12,8.17,5.33,55.1,57.1,4.32,2.07,3.4,7.6,86.3,58.7,36.3,52.02,High
GMHCI-0377,2017,Thailand,Asia,Upper-Middle,6.76,8.61,2.46,0.493,8.73,1.96,10.28,15.12,63.2,48.0,4.3,3.84,3.4,25.7,96.1,36.8,57.1,56.45,High
GMHCI-0378,2017,France,Europe,High,10.38,12.46,1.46,0.282,8.71,1.67,8.77,14.48,46.1,85.0,17.61,10.19,8.2,9.3,87.0,51.9,14.7,55.12,High
GMHCI-0379,2015,China,Asia,Upper-Middle,12.51,11.9,1.52,1.141,1.2,3.84,5.31,12.48,64.7,60.2,9.68,5.43,3.3,13.4,27.8,26.7,42.1,61.74,High
GMHCI-0380,2023,Ghana,Africa,Lower-Middle,6.33,6.56,0.63,0.839,1.85,3.61,8.32,11.11,83.4,40.8,0.57,1.74,8.2,6.6,76.1,81.7,58.9,51.79,High
GMHCI-0381,2019,Egypt,Africa,Lower-Middle,11.4,5.26,2.82,0.339,5.71,2.57,6.49,11.8,76.0,49.9,1.37,0.54,10.2,19.0,92.7,36.9,50.5,56.21,High
GMHCI-0382,2018,Italy,Europe,High,13.73,20.91,1.96,0.387,4.13,1.97,4.3,8.17,51.9,85.6,11.47,11.7,6.0,19.1,92.5,40.6,19.3,60.26,High
GMHCI-0383,2023,Thailand,Asia,Upper-Middle,14.94,13.5,2.45,0.543,4.24,1.85,7.05,17.22,70.2,67.3,8.1,3.97,8.3,10.6,34.5,69.0,22.8,71.1,High
GMHCI-0384,2017,Ghana,Africa,Lower-Middle,7.41,5.81,2.41,0.688,6.54,1.28,7.88,8.82,86.7,28.9,1.72,1.17,10.7,26.2,95.9,50.3,75.2,52.37,High
GMHCI-0385,2019,Ukraine,Europe,Lower-Middle,7.64,9.21,3.07,1.009,4.87,1.16,5.84,7.05,85.0,22.3,0.22,1.65,3.3,17.3,56.8,84.8,74.1,52.9,High
GMHCI-0386,2021,Iran,Asia,Upper-Middle,9.47,11.91,1.21,0.731,5.64,1.8,9.27,15.96,58.2,60.6,2.97,4.9,5.0,5.1,51.4,56.5,37.9,60.74,High
GMHCI-0387,2020,Colombia,South America,Upper-Middle,8.02,8.83,0.94,0.56,7.66,0.57,6.85,6.66,55.5,60.6,2.87,2.54,4.6,21.2,70.6,33.8,48.9,44.25,Moderate
GMHCI-0388,2022,Canada,North America,High,12.46,17.39,1.66,0.633,6.31,1.99,8.31,4.31,42.2,94.7,19.24,5.8,10.4,21.4,69.1,25.4,9.9,47.04,Moderate
GMHCI-0389,2022,Norway,Europe,High,17.82,10.09,0.51,0.681,8.95,1.95,6.94,6.45,51.5,89.8,16.09,9.59,5.5,9.7,94.0,90.5,17.3,53.36,High
GMHCI-0390,2022,Argentina,South America,Upper-Middle,14.07,8.91,2.66,0.253,2.81,1.14,5.25,17.0,65.4,60.4,8.36,2.64,3.6,19.7,84.4,80.0,33.5,66.29,High
GMHCI-0391,2018,Japan,Asia,High,15.88,19.13,3.44,1.085,6.25,3.92,2.33,4.66,49.6,95.0,15.25,5.65,3.2,15.1,43.3,54.2,4.7,54.22,High
GMHCI-0392,2015,Kenya,Africa,Lower-Middle,11.23,5.39,2.94,0.66,1.89,3.83,9.86,8.95,83.5,35.6,0.62,1.67,5.2,22.7,77.4,21.0,58.2,54.44,High
GMHCI-0393,2022,France,Europe,High,15.9,16.43,1.91,1.151,7.13,2.38,11.47,9.26,51.3,92.1,13.66,8.8,11.0,8.0,43.7,85.0,3.1,58.2,High
GMHCI-0394,2020,Argentina,South America,Upper-Middle,6.87,11.99,1.71,0.556,6.91,2.27,6.69,8.59,68.5,52.0,5.17,3.46,6.0,26.3,73.4,28.9,42.1,49.17,Moderate
GMHCI-0395,2017,Ghana,Africa,Lower-Middle,8.27,11.33,1.53,1.076,2.53,0.91,8.63,9.27,81.3,26.9,1.75,1.48,8.4,20.5,40.5,61.9,70.9,57.74,High
GMHCI-0396,2023,Bangladesh,Asia,Lower-Middle,6.17,7.76,3.23,0.425,8.32,1.85,6.44,9.18,77.2,33.5,1.77,0.98,7.0,8.4,73.0,57.0,64.9,49.93,Moderate
GMHCI-0397,2016,Mexico,North America,Upper-Middle,9.68,9.79,2.09,0.682,2.07,2.76,4.98,7.48,60.7,56.8,5.83,4.38,3.6,4.9,66.2,46.3,44.0,48.62,Moderate
GMHCI-0398,2018,United States,North America,High,12.99,13.02,2.55,0.801,4.4,2.71,11.79,4.71,38.3,74.2,9.65,8.53,6.1,2.5,91.5,64.9,17.5,44.91,Moderate
GMHCI-0399,2022,United States,North America,High,8.9,20.7,0.69,0.287,5.75,2.84,4.53,9.7,40.2,89.6,24.26,6.21,3.2,4.3,36.6,53.0,3.6,51.34,High
GMHCI-0400,2023,Netherlands,Europe,High,15.66,18.24,3.25,0.418,7.96,3.99,10.86,5.54,42.4,73.3,16.5,4.68,5.8,15.9,68.0,36.3,29.3,56.91,High
GMHCI-0401,2022,Saudi Arabia,Asia,High,17.21,13.8,1.89,0.411,3.19,1.93,2.62,12.83,25.6,77.8,23.11,9.57,10.7,5.9,88.5,35.3,29.4,62.6,High
GMHCI-0402,2018,United States,North America,High,17.82,21.85,1.79,0.481,2.19,2.15,10.45,6.37,32.6,76.9,24.4,9.64,3.4,7.6,86.2,75.1,22.0,61.75,High
GMHCI-0403,2024,Mexico,North America,Upper-Middle,10.16,17.2,1.32,0.559,5.49,2.37,4.58,10.06,59.6,51.5,8.2,2.24,9.6,27.9,35.5,65.0,40.6,58.93,High
GMHCI-0404,2017,Norway,Europe,High,10.33,15.92,0.78,0.937,8.8,3.15,7.8,4.72,44.0,85.1,22.08,6.11,3.4,15.3,94.8,36.8,16.4,44.57,Moderate
GMHCI-0405,2017,Iran,Asia,Upper-Middle,10.61,12.62,1.52,0.369,2.36,2.28,5.75,7.12,60.5,47.0,2.19,2.44,5.2,15.9,75.4,51.7,58.2,54.09,High
GMHCI-0406,2023,France,Europe,High,16.92,18.04,2.99,1.013,8.17,2.21,9.61,14.63,28.7,76.7,11.58,11.19,3.5,26.1,61.6,40.8,15.8,66.98,High
GMHCI-0407,2019,Saudi Arabia,Asia,High,9.92,12.14,1.48,0.721,1.26,0.57,8.8,11.18,48.9,88.1,23.05,10.93,10.2,13.1,78.9,29.0,2.1,48.14,Moderate
GMHCI-0408,2015,New Zealand,Oceania,High,14.66,19.58,2.89,0.255,6.98,2.19,7.75,9.67,25.6,79.1,21.76,4.49,7.1,20.7,52.6,78.7,29.3,59.91,High
GMHCI-0409,2019,Mexico,North America,Upper-Middle,11.04,8.89,2.32,0.202,2.88,2.94,4.75,12.93,65.2,61.1,2.37,5.3,8.8,9.8,70.1,31.2,41.6,57.59,High
GMHCI-0410,2015,Brazil,South America,Upper-Middle,9.45,14.53,1.57,0.4,7.42,1.33,7.17,11.37,67.5,73.7,5.3,5.32,8.0,23.8,25.4,29.8,24.2,56.09,High
GMHCI-0411,2024,Russia,Europe,Upper-Middle,9.88,8.77,1.64,0.556,6.7,2.94,7.93,14.75,65.3,57.6,5.7,2.06,8.9,14.2,65.2,36.0,50.3,59.72,High
GMHCI-0412,2020,Vietnam,Asia,Lower-Middle,6.67,6.86,1.6,0.861,4.86,2.37,4.73,8.56,87.2,35.1,1.53,0.78,7.2,24.1,44.3,62.1,72.6,51.63,High
GMHCI-0413,2017,Ethiopia,Africa,Low,8.09,7.4,0.93,0.747,8.38,4.0,8.67,3.7,97.4,20.9,0.16,0.91,7.5,20.4,95.8,64.9,83.4,50.52,High
GMHCI-0414,2024,China,Asia,Upper-Middle,14.66,10.96,3.32,0.664,1.08,2.93,11.0,13.14,71.5,52.9,3.21,4.97,3.8,23.9,60.1,89.5,51.5,67.24,High
GMHCI-0415,2017,Bangladesh,Asia,Lower-Middle,8.29,5.6,3.42,1.003,8.33,2.88,3.5,5.71,79.7,30.8,1.65,2.46,5.8,11.7,88.4,36.0,68.9,47.07,Moderate
GMHCI-0416,2020,Mexico,North America,Upper-Middle,12.24,8.31,1.12,0.81,5.03,0.93,8.47,11.86,72.2,52.7,4.25,5.13,5.8,9.4,27.3,40.3,44.2,58.71,High
GMHCI-0417,2020,Tanzania,Africa,Low,7.36,5.02,2.61,0.452,3.12,2.65,7.13,7.87,89.0,20.2,0.33,0.55,7.9,12.4,89.0,62.9,84.5,52.01,High
GMHCI-0418,2018,Egypt,Africa,Lower-Middle,7.11,6.08,2.0,0.518,7.7,2.4,10.67,3.52,79.9,36.7,1.34,0.62,5.3,26.3,88.1,50.7,61.0,41.67,Moderate
GMHCI-0419,2019,Thailand,Asia,Upper-Middle,13.35,10.7,2.81,0.563,4.39,0.81,11.7,15.67,74.0,55.6,4.57,2.18,5.4,21.1,68.7,33.9,43.0,67.81,High
GMHCI-0420,2023,Poland,Europe,Upper-Middle,6.25,14.93,2.28,0.576,5.11,2.85,10.39,16.02,59.5,64.1,5.85,5.13,6.6,2.1,27.2,34.4,36.1,59.03,High
GMHCI-0421,2022,Ukraine,Europe,Lower-Middle,10.77,8.6,1.87,0.419,5.47,0.92,11.66,10.92,70.4,49.7,1.71,2.2,5.3,24.5,59.4,47.6,49.2,56.1,High
GMHCI-0422,2021,Colombia,South America,Upper-Middle,11.61,12.73,1.86,0.699,3.54,2.7,11.1,14.16,50.9,59.4,2.41,3.24,9.7,15.1,57.4,86.2,41.2,61.34,High
GMHCI-0423,2019,Thailand,Asia,Upper-Middle,12.62,9.6,2.61,0.872,2.32,2.46,8.87,16.62,50.0,71.2,5.99,5.68,5.2,25.3,55.0,27.7,24.4,60.65,High
GMHCI-0424,2019,New Zealand,Oceania,High,16.87,20.95,2.36,0.275,1.41,1.3,11.38,8.94,39.6,97.4,10.11,4.36,6.5,13.4,73.7,29.0,0.0,60.95,High
GMHCI-0425,2015,Nigeria,Africa,Lower-Middle,5.72,12.82,0.71,0.215,6.8,3.14,9.97,6.76,80.8,41.7,1.81,0.69,3.7,21.1,42.1,24.3,61.0,50.51,High
GMHCI-0426,2017,Ghana,Africa,Lower-Middle,4.1,10.9,0.93,0.281,5.91,3.25,6.86,4.82,77.1,34.8,0.39,1.4,8.0,15.3,51.1,46.1,58.2,42.83,Moderate
GMHCI-0427,2019,Canada,North America,High,12.95,19.52,2.7,1.116,4.7,1.96,7.48,10.03,52.3,87.0,11.72,4.3,6.6,11.2,39.3,40.5,10.2,59.2,High
GMHCI-0428,2017,Norway,Europe,High,8.04,14.59,1.12,1.054,6.21,2.44,3.84,9.79,45.8,95.9,18.82,4.15,9.7,11.4,54.5,90.3,7.3,46.13,Moderate
GMHCI-0429,2017,Canada,North America,High,14.39,20.73,1.13,0.307,4.58,3.1,9.36,8.12,32.4,92.7,11.63,6.04,5.7,26.9,43.0,29.6,4.1,55.68,High
GMHCI-0430,2018,South Africa,Africa,Upper-Middle,9.99,15.78,2.03,0.791,7.9,3.24,3.35,10.62,56.7,63.9,7.51,3.79,8.9,23.8,66.6,58.4,44.7,58.35,High
GMHCI-0431,2019,Japan,Asia,High,13.28,11.8,2.29,0.217,7.18,3.41,6.03,9.87,50.1,81.3,16.01,10.91,3.7,7.2,46.9,28.6,10.6,52.14,High
GMHCI-0432,2021,South Korea,Asia,High,17.13,17.89,2.61,1.12,1.83,3.45,6.14,13.36,38.3,94.8,16.68,7.48,7.6,2.7,62.7,74.3,7.3,65.57,High
GMHCI-0433,2021,Bangladesh,Asia,Lower-Middle,4.99,6.66,2.1,1.053,8.77,3.08,2.53,5.66,78.8,26.0,1.31,1.14,7.2,10.9,51.3,21.7,81.9,45.19,Moderate
GMHCI-0434,2019,Spain,Europe,High,16.34,20.39,2.77,0.846,4.09,1.5,7.43,10.76,27.1,84.3,16.8,7.01,3.5,14.3,81.2,28.2,10.0,61.82,High
GMHCI-0435,2017,Indonesia,Asia,Lower-Middle,8.35,10.72,2.08,0.254,1.82,3.22,8.87,9.87,80.5,44.1,0.84,2.01,5.1,16.8,62.4,83.2,58.0,56.07,High
GMHCI-0436,2017,United States,North America,High,12.38,10.3,2.5,0.304,2.83,0.71,10.59,11.85,35.2,71.8,17.89,6.54,5.7,19.7,94.5,50.8,34.7,53.61,High
GMHCI-0437,2022,Ghana,Africa,Lower-Middle,6.01,11.22,1.06,1.028,3.26,0.79,10.97,8.61,71.5,39.4,1.68,1.64,7.3,22.8,53.8,24.6,54.2,49.58,Moderate
GMHCI-0438,2019,Saudi Arabia,Asia,High,15.35,16.18,2.96,0.592,2.0,2.2,2.98,15.82,46.9,80.8,21.69,8.63,10.7,9.8,25.6,33.4,28.6,69.47,High
GMHCI-0439,2020,Nigeria,Africa,Lower-Middle,4.33,12.44,1.22,0.836,6.86,1.06,8.83,8.75,78.1,20.1,1.8,1.65,5.6,6.5,96.9,91.3,78.2,53.16,High
GMHCI-0440,2020,Poland,Europe,Upper-Middle,14.39,14.37,2.02,0.475,1.47,2.87,3.18,17.55,62.4,52.7,6.6,2.39,5.7,25.7,84.2,28.5,46.2,73.91,High
GMHCI-0441,2017,Tanzania,Africa,Low,8.69,6.07,2.39,0.937,3.08,3.82,11.99,6.88,90.3,12.1,0.15,0.67,5.1,25.1,76.9,51.9,82.9,53.4,High
GMHCI-0442,2023,Brazil,South America,Upper-Middle,9.63,17.56,3.14,0.844,7.95,2.49,9.12,8.77,74.5,56.4,6.07,2.61,7.1,2.5,35.4,30.0,52.9,60.86,High
GMHCI-0443,2023,Vietnam,Asia,Lower-Middle,4.33,11.1,1.55,0.666,6.73,2.57,3.51,9.94,80.2,47.4,1.24,2.13,8.3,3.3,59.3,67.7,56.2,50.62,High
GMHCI-0444,2017,Australia,Oceania,High,17.32,12.66,3.11,0.389,4.43,3.91,9.9,14.09,28.5,92.0,20.44,9.72,11.0,24.5,27.2,80.8,7.7,60.65,High
GMHCI-0445,2018,Saudi Arabia,Asia,High,11.67,21.59,1.57,0.375,4.6,3.68,6.3,6.91,30.7,84.2,11.6,10.72,10.3,18.4,59.5,92.9,7.7,51.29,High
GMHCI-0446,2016,Kenya,Africa,Lower-Middle,4.64,5.89,2.64,0.474,8.47,3.08,6.56,4.5,81.5,24.1,1.2,2.23,3.2,6.6,39.2,44.5,76.9,42.06,Moderate
GMHCI-0447,2020,Vietnam,Asia,Lower-Middle,7.19,10.51,0.93,0.433,6.44,3.74,6.63,7.3,85.4,20.7,1.85,1.74,6.4,17.5,73.0,58.6,73.3,53.75,High
GMHCI-0448,2023,Iran,Asia,Upper-Middle,8.75,9.53,0.54,0.622,2.54,2.78,3.26,16.15,66.7,49.1,6.97,4.99,7.5,27.9,60.6,88.1,59.8,62.43,High
GMHCI-0449,2020,South Korea,Asia,High,17.59,19.86,2.84,0.834,4.52,0.98,3.44,11.39,34.9,82.3,23.29,9.09,3.4,15.8,76.2,28.6,21.3,66.84,High
GMHCI-0450,2016,Sweden,Europe,High,12.93,13.46,2.26,0.268,7.1,1.29,4.87,15.39,37.7,89.6,20.7,9.38,9.8,9.3,45.7,67.1,10.1,58.86,High
GMHCI-0451,2018,Colombia,South America,Upper-Middle,7.43,9.69,0.8,0.708,7.15,0.54,10.92,9.47,50.7,51.8,2.64,3.64,4.1,11.5,54.9,32.8,51.8,47.81,Moderate
GMHCI-0452,2021,Russia,Europe,Upper-Middle,13.52,10.35,2.37,0.433,5.08,3.13,5.66,6.03,60.0,65.3,5.1,3.4,10.9,24.9,76.2,45.8,28.1,49.96,Moderate
GMHCI-0453,2018,Spain,Europe,High,14.65,18.61,2.94,0.799,2.35,1.75,1.71,5.54,40.0,75.5,17.55,7.66,9.5,21.6,33.5,53.7,27.0,55.13,High
GMHCI-0454,2018,Thailand,Asia,Upper-Middle,7.39,8.39,1.61,0.628,7.86,0.78,9.77,6.78,52.2,62.8,9.62,3.43,10.0,12.3,55.8,83.2,44.7,42.0,Moderate
GMHCI-0455,2016,Pakistan,Asia,Lower-Middle,7.84,10.55,2.44,0.824,3.53,0.63,7.39,7.05,78.5,37.2,1.07,1.94,3.5,20.3,28.5,64.8,65.5,52.11,High
GMHCI-0456,2015,Poland,Europe,Upper-Middle,10.45,17.57,2.37,0.854,5.87,1.83,7.94,15.36,69.9,57.3,7.39,5.59,5.3,25.3,26.1,67.5,50.5,70.09,High
GMHCI-0457,2016,Brazil,South America,Upper-Middle,12.47,9.02,2.27,1.164,7.38,2.51,7.06,10.16,52.9,64.5,6.78,2.68,10.6,7.8,39.9,80.9,29.7,52.18,High
GMHCI-0458,2021,Nigeria,Africa,Lower-Middle,9.88,10.76,0.79,1.013,3.82,2.96,9.05,10.38,86.3,25.4,1.43,0.59,6.9,18.9,69.2,52.3,68.3,61.37,High
GMHCI-0459,2019,Sweden,Europe,High,17.88,12.09,0.84,0.669,8.43,2.97,11.7,11.29,39.3,75.8,17.94,11.03,3.6,27.6,26.0,43.6,26.2,61.45,High
GMHCI-0460,2020,Turkey,Asia,Upper-Middle,9.69,14.58,0.85,0.669,8.6,1.88,7.86,12.7,70.8,52.7,3.13,3.62,9.9,26.1,89.1,38.6,49.7,62.64,High
GMHCI-0461,2015,Kenya,Africa,Lower-Middle,11.98,13.15,1.65,0.84,2.64,3.16,3.41,6.52,86.8,45.1,0.65,2.15,10.6,20.0,52.1,31.8,49.0,58.28,High
GMHCI-0462,2023,Poland,Europe,Upper-Middle,6.88,14.05,3.16,0.786,5.32,3.96,5.41,12.7,51.2,65.9,3.49,5.73,8.6,24.7,25.4,61.8,24.5,51.48,High
GMHCI-0463,2024,Iran,Asia,Upper-Middle,9.16,13.34,1.9,1.025,4.08,2.8,4.8,8.73,67.7,71.5,3.66,5.59,6.5,17.6,26.9,70.1,34.8,52.56,High
GMHCI-0464,2020,Iran,Asia,Upper-Middle,13.3,12.95,1.4,0.442,6.84,2.15,7.59,8.81,54.3,50.7,3.69,4.67,9.6,6.1,46.4,70.3,53.0,58.74,High
GMHCI-0465,2017,India,Asia,Lower-Middle,9.52,12.52,2.31,0.612,6.19,2.06,6.34,3.69,71.4,20.9,1.18,2.0,9.7,16.9,67.1,85.5,72.8,51.58,High
GMHCI-0466,2022,Italy,Europe,High,11.79,20.89,0.54,0.503,5.72,2.22,9.63,7.88,51.8,88.0,24.26,10.09,6.3,9.3,59.2,80.1,17.5,56.86,High
GMHCI-0467,2020,Tanzania,Africa,Low,7.35,4.46,2.94,1.147,5.22,3.55,7.89,4.97,89.6,18.5,0.28,0.52,10.7,23.7,45.5,20.5,73.1,45.84,Moderate
GMHCI-0468,2022,France,Europe,High,12.66,16.53,2.23,1.042,8.89,3.32,10.47,12.9,35.4,89.3,18.85,6.89,3.1,20.1,72.6,29.3,8.8,57.27,High
GMHCI-0469,2022,Turkey,Asia,Upper-Middle,14.99,12.02,2.41,0.693,8.31,1.54,4.43,14.49,53.5,55.7,3.32,4.18,7.6,22.5,95.4,75.0,38.5,65.84,High
GMHCI-0470,2022,Poland,Europe,Upper-Middle,11.24,12.24,0.66,0.843,8.04,3.17,9.47,12.87,72.2,58.8,3.5,5.42,4.9,26.6,78.2,40.6,40.0,61.66,High
GMHCI-0471,2022,South Africa,Africa,Upper-Middle,8.1,17.9,2.83,0.715,1.22,0.7,10.58,6.99,58.0,52.9,6.42,5.95,4.2,26.0,71.4,34.4,56.2,54.54,High
GMHCI-0472,2024,New Zealand,Oceania,High,11.57,10.64,1.46,0.876,8.19,1.06,1.72,4.28,35.6,76.9,12.76,8.25,8.0,19.1,81.3,44.0,32.0,41.94,Moderate
GMHCI-0473,2023,Japan,Asia,High,10.0,11.06,3.01,1.001,3.68,2.65,9.11,8.97,47.5,73.0,10.52,8.9,9.6,27.1,51.8,21.5,29.2,48.05,Moderate
GMHCI-0474,2024,Turkey,Asia,Upper-Middle,13.9,8.22,0.97,0.954,3.43,2.5,2.64,12.26,61.6,57.6,4.14,5.19,5.8,24.7,64.7,69.4,44.7,59.94,High
GMHCI-0475,2016,Saudi Arabia,Asia,High,10.33,17.57,3.28,0.703,2.28,0.62,9.27,12.07,38.9,78.3,22.16,7.17,6.6,15.0,38.8,49.9,20.8,56.16,High
GMHCI-0476,2015,Nigeria,Africa,Lower-Middle,9.7,8.92,0.53,0.945,2.64,2.95,7.95,8.29,80.7,30.5,1.18,1.2,4.2,21.5,46.4,61.1,78.9,57.28,High
GMHCI-0477,2018,Saudi Arabia,Asia,High,13.76,13.34,2.63,1.113,8.24,3.95,11.44,12.17,43.0,82.5,14.32,9.79,10.9,20.4,92.4,76.5,24.1,58.34,High
GMHCI-0478,2020,Germany,Europe,High,8.05,16.63,2.43,1.129,3.97,2.72,5.93,11.86,38.2,80.5,19.48,10.89,10.9,8.8,53.7,62.9,27.6,52.76,High
GMHCI-0479,2015,Ethiopia,Africa,Low,5.82,4.37,1.98,0.35,1.93,3.44,11.42,2.45,93.2,24.3,0.06,0.9,10.6,21.7,87.2,87.5,65.8,39.59,Moderate
GMHCI-0480,2021,Philippines,Asia,Lower-Middle,6.37,7.95,2.89,0.738,2.38,1.56,10.53,3.54,76.6,29.3,1.03,0.68,8.0,5.7,41.5,61.3,72.6,43.61,Moderate
GMHCI-0481,2015,South Korea,Asia,High,13.48,18.52,1.54,0.653,4.0,2.66,9.43,10.76,47.0,83.2,16.1,8.73,10.2,5.6,33.1,55.9,19.1,60.56,High
GMHCI-0482,2017,Netherlands,Europe,High,13.75,19.5,2.23,1.095,3.52,3.98,7.97,15.52,42.3,75.4,12.87,7.36,5.8,22.9,65.0,50.7,33.6,69.89,High
GMHCI-0483,2023,Germany,Europe,High,9.17,20.24,0.94,1.108,4.97,2.08,1.62,8.69,51.1,81.1,11.55,5.9,6.3,15.3,55.1,42.1,18.2,53.76,High
GMHCI-0484,2023,Iran,Asia,Upper-Middle,6.74,11.32,3.13,0.636,2.2,0.54,2.55,6.14,73.9,50.1,9.57,2.5,7.2,26.2,69.0,88.5,47.6,46.63,Moderate
GMHCI-0485,2016,United States,North America,High,11.92,14.77,1.03,0.314,6.17,0.68,4.05,14.15,38.1,92.3,15.55,5.44,8.1,14.0,93.6,33.5,17.4,58.08,High
GMHCI-0486,2024,France,Europe,High,13.04,17.27,3.32,1.166,7.24,3.78,4.84,11.79,50.7,70.7,18.73,7.49,6.5,5.8,53.1,59.7,29.4,62.36,High
GMHCI-0487,2017,Netherlands,Europe,High,13.62,12.75,2.49,1.195,6.17,1.26,11.92,5.66,53.5,78.5,12.17,5.88,10.1,15.4,55.3,49.7,23.3,50.05,High
GMHCI-0488,2019,Norway,Europe,High,8.09,16.89,0.56,0.371,3.48,2.98,5.54,4.82,28.7,76.7,15.71,8.96,5.0,22.7,67.2,58.1,21.2,40.86,Moderate
GMHCI-0489,2020,Canada,North America,High,12.39,21.49,1.93,0.275,8.73,3.42,11.61,9.03,42.2,82.0,16.36,5.03,7.2,19.8,65.1,55.1,18.9,58.58,High
GMHCI-0490,2015,Brazil,South America,Upper-Middle,10.74,10.92,2.71,0.247,2.75,1.83,9.51,13.05,71.7,47.3,4.05,2.99,3.4,18.8,77.4,77.0,44.1,60.56,High
GMHCI-0491,2015,Netherlands,Europe,High,10.32,10.22,0.8,0.571,5.2,3.22,2.38,10.83,53.9,94.3,23.24,4.25,8.3,3.5,29.6,66.2,1.3,47.11,Moderate
GMHCI-0492,2018,Netherlands,Europe,High,8.27,12.6,2.21,0.367,7.85,3.99,3.42,12.97,44.2,87.0,12.75,10.77,3.8,20.5,72.8,21.6,19.6,50.66,High
GMHCI-0493,2018,New Zealand,Oceania,High,9.09,21.85,2.84,0.93,2.9,3.81,8.76,14.64,32.6,86.8,24.93,7.35,7.1,3.0,81.3,27.5,15.8,60.18,High
GMHCI-0494,2023,Sweden,Europe,High,14.57,21.49,0.66,0.777,5.63,1.59,7.8,13.64,41.2,87.4,8.23,10.61,7.8,5.7,83.3,83.3,21.3,68.22,High
GMHCI-0495,2017,United States,North America,High,11.26,11.08,1.32,1.094,6.06,1.77,11.14,8.01,47.3,81.9,14.3,5.36,9.6,5.1,25.5,80.7,15.9,46.46,Moderate
GMHCI-0496,2019,Saudi Arabia,Asia,High,17.13,12.83,3.23,0.602,7.8,2.13,8.69,9.33,52.4,74.8,23.92,10.73,9.5,12.6,48.4,36.5,33.2,61.41,High
GMHCI-0497,2020,Nigeria,Africa,Lower-Middle,5.86,5.27,2.71,0.323,4.01,2.12,8.93,10.55,82.7,39.1,1.45,2.02,3.7,3.0,26.4,34.3,60.8,49.36,Moderate
GMHCI-0498,2020,Indonesia,Asia,Lower-Middle,8.0,12.18,0.75,0.541,6.51,1.35,11.93,10.42,83.2,41.6,0.34,2.33,10.7,7.8,94.9,34.7,59.2,58.27,High
GMHCI-0499,2018,Pakistan,Asia,Lower-Middle,8.45,5.02,3.0,0.503,3.46,3.37,6.9,8.86,79.6,46.1,0.86,0.99,5.9,10.5,97.5,55.0,44.2,47.42,Moderate
GMHCI-0500,2015,China,Asia,Upper-Middle,7.3,14.76,2.47,1.149,3.54,3.78,4.29,7.93,63.9,55.3,3.13,4.43,8.6,5.3,84.3,69.6,38.6,50.14,High
GMHCI-0501,2016,Turkey,Asia,Upper-Middle,14.83,8.76,2.47,0.998,7.96,3.55,8.37,12.34,68.9,48.9,3.44,2.11,7.4,6.5,27.7,93.9,58.8,65.07,High
GMHCI-0502,2024,Spain,Europe,High,10.78,11.52,1.94,0.278,1.56,3.43,9.43,14.06,36.5,86.2,24.29,11.02,10.2,22.3,77.2,92.7,16.0,52.96,High
GMHCI-0503,2018,Mexico,North America,Upper-Middle,9.62,9.08,1.41,0.992,7.21,4.0,9.13,12.9,72.5,65.9,4.11,3.9,10.1,23.3,66.4,64.4,37.7,56.28,High
GMHCI-0504,2019,Vietnam,Asia,Lower-Middle,4.93,6.78,2.41,0.246,6.55,2.48,6.11,8.79,70.5,32.7,1.36,0.63,7.5,7.7,97.6,46.2,65.7,45.87,Moderate
GMHCI-0505,2020,Indonesia,Asia,Lower-Middle,5.25,11.82,3.15,0.36,1.19,3.99,11.1,9.2,85.8,25.7,0.31,1.15,10.2,16.5,46.3,94.6,66.3,53.89,High
GMHCI-0506,2022,Poland,Europe,Upper-Middle,10.34,15.0,2.32,0.668,7.52,1.03,3.81,8.58,53.8,64.6,7.02,4.29,4.0,25.3,41.0,56.0,41.6,54.39,High
GMHCI-0507,2019,Pakistan,Asia,Lower-Middle,9.62,8.99,0.73,0.942,6.97,1.44,1.92,5.75,73.0,26.7,1.63,1.12,10.2,8.3,89.9,51.2,68.9,51.03,High
GMHCI-0508,2022,Nigeria,Africa,Lower-Middle,7.24,8.83,1.36,0.519,2.9,2.9,4.39,4.66,87.5,22.0,0.59,1.19,7.6,27.6,43.6,84.0,81.8,50.22,High
GMHCI-0509,2022,United States,North America,High,15.67,18.87,0.89,0.778,1.28,3.47,11.48,5.05,35.5,80.7,24.77,11.65,10.3,11.6,90.7,61.4,10.7,52.97,High
GMHCI-0510,2019,Canada,North America,High,16.86,10.8,0.96,1.057,3.08,3.43,9.46,7.45,28.6,95.1,18.69,9.35,3.7,18.2,52.5,28.5,0.9,48.09,Moderate
GMHCI-0511,2024,Egypt,Africa,Lower-Middle,9.56,6.08,1.44,0.524,3.8,3.72,11.61,9.39,86.9,42.6,1.27,0.93,10.0,22.6,87.9,93.9,63.7,54.7,High
GMHCI-0512,2020,Colombia,South America,Upper-Middle,6.66,16.51,2.29,0.705,4.36,0.98,6.35,17.2,70.3,70.0,5.53,5.47,8.8,19.2,66.9,43.2,25.8,62.78,High
GMHCI-0513,2015,United Kingdom,Europe,High,16.67,14.56,2.15,0.278,6.0,1.79,9.38,8.99,52.6,70.7,14.61,4.06,6.3,12.8,27.3,37.6,32.9,61.86,High
GMHCI-0514,2020,Iran,Asia,Upper-Middle,6.04,13.75,2.15,1.111,6.71,1.86,5.26,10.31,69.8,46.3,4.47,3.39,10.8,22.5,93.8,61.8,57.9,54.58,High
GMHCI-0515,2017,United States,North America,High,15.33,13.07,1.64,0.574,1.46,2.95,9.74,8.01,27.6,81.2,23.62,4.29,5.2,3.1,37.2,54.4,17.8,51.19,High
GMHCI-0516,2020,Indonesia,Asia,Lower-Middle,10.34,8.17,1.59,0.22,5.19,3.57,9.98,4.84,72.1,46.8,0.88,0.8,3.4,10.0,98.0,75.3,45.1,46.31,Moderate
GMHCI-0517,2024,Indonesia,Asia,Lower-Middle,9.83,6.89,1.08,0.381,4.65,0.84,7.65,7.36,86.6,34.0,1.44,1.8,7.3,8.1,78.2,22.3,57.7,52.05,High
GMHCI-0518,2019,Pakistan,Asia,Lower-Middle,5.94,6.32,2.97,0.659,2.27,1.45,10.63,5.41,73.8,21.9,0.83,1.16,3.6,15.8,39.2,67.9,73.7,43.86,Moderate
GMHCI-0519,2019,South Korea,Asia,High,15.95,18.71,1.52,0.416,5.63,1.96,5.83,12.65,36.3,75.8,21.02,7.48,8.7,14.0,63.4,67.6,28.2,66.52,High
GMHCI-0520,2017,Philippines,Asia,Lower-Middle,8.09,10.95,2.57,0.516,6.58,3.85,11.15,10.34,71.7,46.1,0.17,1.27,6.4,3.0,37.8,52.8,59.6,55.47,High
GMHCI-0521,2018,New Zealand,Oceania,High,13.46,10.62,0.64,1.02,5.08,2.05,6.12,5.67,29.8,92.8,11.39,8.56,10.5,11.4,80.0,22.0,0.0,40.79,Moderate
GMHCI-0522,2023,Japan,Asia,High,11.79,12.29,1.01,0.539,7.41,4.0,11.3,4.06,52.4,77.6,8.37,11.48,10.4,7.8,51.0,75.4,28.2,45.44,Moderate
GMHCI-0523,2016,Colombia,South America,Upper-Middle,10.55,9.91,2.03,0.369,2.15,0.65,6.53,16.97,66.5,49.5,4.65,5.85,9.5,5.9,68.6,82.7,41.9,63.69,High
GMHCI-0524,2016,Nigeria,Africa,Lower-Middle,9.8,7.12,1.85,0.712,4.76,0.97,6.01,3.92,76.4,48.0,1.29,2.12,6.9,11.2,94.1,77.9,58.3,45.97,Moderate
GMHCI-0525,2018,Colombia,South America,Upper-Middle,8.82,17.72,2.05,0.316,4.3,1.44,10.31,9.34,64.8,59.9,7.51,5.37,4.7,6.9,65.9,27.3,44.4,57.91,High
GMHCI-0526,2020,Germany,Europe,High,8.46,11.04,3.04,0.843,4.03,0.93,11.24,5.83,26.1,79.3,8.57,9.49,8.7,19.9,69.7,22.9,30.2,38.41,Moderate
GMHCI-0527,2020,Philippines,Asia,Lower-Middle,6.86,11.81,3.27,0.724,7.54,2.6,8.4,7.16,75.4,36.8,1.75,0.82,10.5,16.5,53.0,57.6,70.9,52.38,High
GMHCI-0528,2018,Norway,Europe,High,8.39,13.86,1.45,0.466,8.59,2.3,9.65,12.32,30.5,81.3,18.41,5.39,7.0,10.2,83.5,50.8,14.1,48.15,Moderate
GMHCI-0529,2017,Brazil,South America,Upper-Middle,6.03,9.36,2.08,0.86,1.52,3.19,11.63,7.7,59.9,62.3,4.93,5.91,7.2,20.6,83.3,50.4,40.0,42.75,Moderate
GMHCI-0530,2019,Ghana,Africa,Lower-Middle,5.83,12.82,2.18,0.45,3.58,1.07,3.74,3.14,83.8,34.0,0.93,2.36,8.9,13.3,83.3,85.2,65.3,46.73,Moderate
GMHCI-0531,2021,Ghana,Africa,Lower-Middle,4.33,8.33,3.24,0.304,7.14,2.81,10.59,7.13,76.4,25.0,0.86,0.98,4.1,18.1,80.8,52.1,82.6,47.57,Moderate
GMHCI-0532,2015,Spain,Europe,High,14.66,17.15,2.74,0.43,8.11,1.32,3.61,4.59,47.8,75.5,11.68,10.93,7.3,13.8,25.5,40.5,27.8,53.81,High
GMHCI-0533,2020,Pakistan,Asia,Lower-Middle,11.35,9.05,0.62,0.278,8.52,0.63,4.93,5.63,80.1,40.1,0.82,1.04,8.9,3.3,73.8,33.5,51.2,51.75,High
GMHCI-0534,2021,Netherlands,Europe,High,17.8,16.7,1.46,0.843,8.54,2.17,4.5,12.35,39.0,78.2,11.1,8.25,9.3,22.0,72.8,34.3,12.0,64.83,High
GMHCI-0535,2022,India,Asia,Lower-Middle,4.96,7.63,0.5,0.802,1.77,0.52,10.06,7.92,83.1,31.6,1.43,1.11,5.1,14.4,87.1,60.1,74.4,48.7,Moderate
GMHCI-0536,2017,Poland,Europe,Upper-Middle,9.16,9.51,2.47,0.391,5.86,3.4,9.69,16.99,55.8,51.6,9.3,5.34,7.4,22.0,58.9,44.5,50.3,61.05,High
GMHCI-0537,2015,Australia,Oceania,High,12.83,19.82,1.98,0.91,3.37,2.9,9.69,10.18,37.9,93.3,16.65,7.42,10.4,4.3,72.6,84.9,0.7,55.88,High
GMHCI-0538,2017,Brazil,South America,Upper-Middle,6.64,11.41,2.56,0.491,5.28,3.27,8.71,10.04,55.8,73.2,7.32,2.48,7.7,4.9,96.3,65.8,32.1,46.9,Moderate
GMHCI-0539,2019,Mexico,North America,Upper-Middle,9.37,16.6,1.32,0.617,1.56,2.24,11.24,8.1,52.5,72.3,9.56,2.18,9.0,8.2,49.4,63.8,34.4,52.55,High
GMHCI-0540,2022,Bangladesh,Asia,Lower-Middle,9.18,10.21,1.44,0.674,8.38,3.86,7.96,5.73,87.5,40.7,1.39,2.36,7.9,9.7,55.5,54.6,66.3,53.33,High
GMHCI-0541,2015,Italy,Europe,High,16.47,13.79,3.09,0.798,8.25,3.91,10.98,7.31,37.4,77.8,15.1,6.04,8.3,15.6,39.3,91.4,29.2,55.67,High
GMHCI-0542,2019,France,Europe,High,15.15,11.98,1.58,0.403,2.06,3.21,7.89,7.29,45.1,75.8,8.16,5.56,6.9,9.0,41.7,83.2,31.6,53.7,High
GMHCI-0543,2024,Bangladesh,Asia,Lower-Middle,11.68,9.32,0.87,0.605,1.13,3.3,6.55,3.21,70.0,34.6,0.48,1.93,7.3,23.2,41.0,84.8,63.1,49.33,Moderate
GMHCI-0544,2018,Ukraine,Europe,Lower-Middle,10.76,12.49,3.41,0.302,2.34,1.03,7.72,3.92,76.3,21.7,1.26,2.12,11.0,5.1,43.7,29.2,69.9,53.91,High
GMHCI-0545,2018,South Korea,Asia,High,17.01,16.03,3.5,0.365,6.18,2.3,4.38,13.61,26.7,78.8,9.51,6.54,9.7,11.7,87.6,63.1,30.0,65.69,High
GMHCI-0546,2018,Brazil,South America,Upper-Middle,9.98,14.81,1.59,0.824,1.68,2.93,9.72,8.97,60.4,69.2,5.33,2.72,9.0,22.8,56.4,65.1,39.2,54.91,High
GMHCI-0547,2021,Ukraine,Europe,Lower-Middle,6.05,9.86,2.78,0.86,4.6,3.23,9.94,7.7,79.1,29.1,1.56,0.58,9.1,7.2,48.0,64.5,73.8,51.24,High
GMHCI-0548,2024,Germany,Europe,High,10.35,10.52,3.3,0.55,2.85,2.55,5.45,10.85,25.8,88.4,24.58,5.87,4.8,12.0,41.8,56.2,17.5,45.58,Moderate
GMHCI-0549,2023,Colombia,South America,Upper-Middle,12.41,13.09,2.66,0.393,3.45,2.85,5.03,8.3,50.9,49.9,9.22,3.11,6.9,8.3,89.6,64.3,55.1,56.72,High
GMHCI-0550,2015,Poland,Europe,Upper-Middle,7.43,16.1,2.53,0.604,5.04,3.74,5.07,9.77,60.1,63.5,6.7,3.0,6.1,16.4,77.7,51.9,37.6,53.36,High
GMHCI-0551,2018,Australia,Oceania,High,12.63,10.44,1.3,0.917,4.92,3.65,8.36,5.14,49.0,92.9,22.66,5.68,4.4,17.7,87.8,43.8,6.6,42.66,Moderate
GMHCI-0552,2022,South Korea,Asia,High,16.92,11.61,0.76,0.33,8.74,2.33,7.88,13.1,52.4,95.2,22.42,4.44,4.1,17.8,42.9,90.0,11.9,62.05,High
GMHCI-0553,2020,Philippines,Asia,Lower-Middle,11.97,10.26,0.61,0.384,2.13,3.0,7.34,11.49,74.1,25.3,0.53,1.47,9.3,4.0,92.5,41.8,84.1,65.87,High
GMHCI-0554,2024,France,Europe,High,16.24,18.05,0.89,0.454,6.25,3.91,7.74,7.79,38.0,94.4,23.82,6.22,3.5,7.3,76.8,76.2,10.6,57.19,High
GMHCI-0555,2018,Norway,Europe,High,10.24,21.08,2.99,0.778,2.53,3.42,5.35,10.62,27.1,78.5,24.53,9.82,9.0,25.5,71.1,32.2,17.4,54.89,High
GMHCI-0556,2023,Iran,Asia,Upper-Middle,7.49,14.71,2.45,0.381,1.48,2.75,6.45,8.43,67.2,52.9,8.03,5.54,10.3,27.2,60.4,80.5,40.2,51.8,High
GMHCI-0557,2019,Saudi Arabia,Asia,High,14.06,17.73,2.28,0.673,5.82,2.62,10.35,6.41,33.2,89.2,16.32,8.39,3.1,18.2,56.6,85.6,13.4,51.64,High
GMHCI-0558,2018,Thailand,Asia,Upper-Middle,14.63,13.62,1.64,1.09,6.51,1.86,7.38,5.72,52.3,61.4,3.91,5.34,4.5,21.8,27.7,40.4,47.8,55.82,High
GMHCI-0559,2018,Turkey,Asia,Upper-Middle,6.14,11.87,2.65,0.295,8.61,1.63,11.3,14.31,61.5,47.8,6.84,2.76,10.3,12.8,91.4,57.9,43.2,55.09,High
GMHCI-0560,2023,China,Asia,Upper-Middle,11.19,10.35,2.26,0.52,3.97,0.75,5.57,7.71,61.1,57.9,9.72,5.09,10.2,21.2,66.6,21.5,42.2,51.34,High
GMHCI-0561,2018,Mexico,North America,Upper-Middle,13.93,12.83,2.01,0.336,2.23,3.19,11.27,7.25,58.2,50.1,7.87,4.71,5.2,17.1,42.8,85.8,57.0,58.54,High
GMHCI-0562,2022,Pakistan,Asia,Lower-Middle,7.53,11.44,3.42,0.888,6.87,0.65,6.46,10.23,82.4,25.3,0.22,2.37,3.7,22.9,60.6,25.8,81.1,59.84,High
GMHCI-0563,2016,Sweden,Europe,High,15.65,21.8,1.26,0.997,5.68,1.2,10.46,7.77,25.8,77.1,20.5,7.37,3.7,11.4,85.6,23.2,23.9,59.88,High
GMHCI-0564,2015,Ghana,Africa,Lower-Middle,9.28,5.64,1.56,0.815,8.75,3.49,10.91,4.29,79.9,47.4,1.18,2.43,10.4,21.1,48.7,26.6,59.7,45.16,Moderate
GMHCI-0565,2015,Poland,Europe,Upper-Middle,7.65,17.6,1.57,0.786,1.94,2.88,11.33,15.63,63.2,45.4,2.7,3.67,9.4,12.5,92.6,31.6,53.0,65.96,High
GMHCI-0566,2019,Netherlands,Europe,High,17.07,16.04,1.73,0.905,6.21,3.16,1.82,8.82,30.8,82.2,9.35,7.25,4.3,26.1,78.9,66.2,22.2,58.58,High
GMHCI-0567,2015,Iran,Asia,Upper-Middle,14.39,9.36,2.67,0.482,3.82,0.75,7.1,7.21,50.3,61.7,6.09,5.18,3.4,6.7,34.0,57.2,33.6,51.25,High
GMHCI-0568,2016,Argentina,South America,Upper-Middle,10.1,10.1,2.46,0.917,6.53,3.95,11.26,6.29,64.6,67.1,5.23,5.21,9.7,27.7,95.3,46.2,29.3,46.23,Moderate
GMHCI-0569,2015,Spain,Europe,High,9.83,11.66,2.01,0.567,7.07,3.86,5.7,10.26,49.2,89.9,16.26,10.75,7.6,8.7,67.3,82.8,3.6,46.57,Moderate
GMHCI-0570,2016,Russia,Europe,Upper-Middle,13.45,15.23,1.8,0.753,4.84,3.84,2.41,15.97,59.4,71.1,3.3,4.09,8.6,9.2,54.5,45.2,38.8,69.62,High
GMHCI-0571,2016,Germany,Europe,High,9.28,13.8,2.21,1.069,3.18,1.21,7.11,15.69,51.9,73.8,20.36,6.27,5.8,3.4,68.3,77.9,35.8,60.54,High
GMHCI-0572,2016,Argentina,South America,Upper-Middle,12.3,10.23,1.45,1.023,3.32,3.72,5.34,11.82,50.7,48.4,2.17,3.67,8.7,27.2,92.1,21.5,54.3,58.71,High
GMHCI-0573,2019,Canada,North America,High,10.11,10.88,1.29,1.167,3.58,1.39,8.05,9.73,46.4,93.8,10.19,6.64,5.9,5.1,77.4,93.3,1.9,44.83,Moderate
GMHCI-0574,2020,Indonesia,Asia,Lower-Middle,9.59,12.93,1.95,0.651,2.79,2.31,2.13,5.91,86.8,38.0,1.21,2.04,4.0,14.1,33.2,40.2,68.0,56.77,High
GMHCI-0575,2022,Poland,Europe,Upper-Middle,11.83,15.53,3.06,0.913,5.27,2.18,11.99,17.42,63.5,51.5,2.93,5.09,3.7,13.8,28.6,20.4,50.8,72.08,High
GMHCI-0576,2024,Philippines,Asia,Lower-Middle,11.9,12.1,3.22,0.448,7.77,3.88,10.24,5.6,77.9,45.7,0.96,1.0,10.9,16.3,64.4,42.5,61.9,56.51,High
GMHCI-0577,2021,Brazil,South America,Upper-Middle,10.5,10.38,1.92,0.403,7.24,3.54,3.81,15.28,59.0,48.1,4.31,3.26,3.0,6.5,41.2,49.4,52.3,62.12,High
GMHCI-0578,2022,Poland,Europe,Upper-Middle,6.16,17.84,0.75,0.978,5.78,2.02,8.7,11.3,65.4,53.0,3.19,5.31,10.6,20.5,97.0,63.7,37.2,56.06,High
GMHCI-0579,2023,Netherlands,Europe,High,14.28,21.99,2.11,0.716,8.66,3.38,3.83,14.73,39.0,80.3,9.27,7.75,7.7,18.0,29.1,87.2,14.7,68.46,High
GMHCI-0580,2020,Saudi Arabia,Asia,High,9.33,18.94,1.26,1.066,3.87,0.85,2.92,10.85,51.8,87.9,15.33,4.4,5.7,5.6,45.4,89.8,6.8,54.19,High
GMHCI-0581,2020,Argentina,South America,Upper-Middle,14.83,14.84,2.55,1.16,8.42,2.48,3.25,11.66,72.4,55.3,7.41,4.16,7.2,3.4,95.1,80.8,46.6,68.35,High
GMHCI-0582,2019,Poland,Europe,Upper-Middle,10.09,9.8,3.4,0.697,1.97,3.79,8.08,6.32,69.5,55.7,3.77,4.92,8.8,15.0,45.5,68.5,53.9,50.42,High
GMHCI-0583,2024,Japan,Asia,High,14.27,11.02,1.78,0.584,4.95,2.89,1.79,10.74,35.7,78.5,19.88,7.02,5.6,17.1,38.2,53.0,29.4,54.63,High
GMHCI-0584,2018,Mexico,North America,Upper-Middle,14.29,10.76,2.82,0.919,6.13,0.68,11.62,17.46,59.0,54.8,4.59,4.33,7.1,6.1,25.8,94.4,40.7,69.01,High
GMHCI-0585,2015,Netherlands,Europe,High,16.01,10.62,0.51,0.214,7.31,3.15,6.5,6.62,54.0,96.3,15.53,7.19,6.2,16.2,68.1,87.1,0.0,49.35,Moderate
GMHCI-0586,2023,Kenya,Africa,Lower-Middle,6.39,10.22,2.83,0.78,7.3,3.89,6.46,5.67,81.4,35.1,0.4,1.83,3.3,24.6,65.4,64.7,70.3,49.05,Moderate
GMHCI-0587,2018,South Korea,Asia,High,13.43,18.33,2.14,0.614,8.11,3.5,3.71,10.78,27.3,70.6,24.61,6.69,3.2,24.0,51.2,67.3,35.4,59.78,High
GMHCI-0588,2016,Saudi Arabia,Asia,High,16.41,13.53,2.43,1.132,4.12,2.51,5.41,5.91,32.7,78.4,10.27,8.91,7.3,20.1,73.3,61.5,27.4,52.42,High
GMHCI-0589,2023,India,Asia,Lower-Middle,5.76,6.82,0.71,1.111,1.96,0.99,10.76,3.14,87.8,33.1,1.99,1.22,8.9,23.1,77.3,29.0,57.7,40.65,Moderate
GMHCI-0590,2018,Thailand,Asia,Upper-Middle,13.37,10.54,2.26,1.036,2.72,1.85,8.01,10.46,55.3,47.6,5.39,3.23,6.6,4.8,58.6,79.5,61.0,60.29,High
GMHCI-0591,2015,Germany,Europe,High,10.79,21.63,1.55,0.386,8.08,2.83,4.14,14.74,46.9,92.5,9.52,7.12,7.4,9.5,40.9,80.2,1.5,62.53,High
GMHCI-0592,2022,Spain,Europe,High,16.37,20.83,1.92,0.22,3.41,2.69,5.57,13.74,44.9,94.5,15.31,8.6,6.9,18.5,49.3,48.7,0.0,67.63,High
GMHCI-0593,2017,Germany,Europe,High,8.45,12.6,2.18,0.983,6.24,2.66,8.46,6.54,42.7,91.6,18.63,11.0,3.9,14.2,59.0,50.1,16.1,41.22,Moderate
GMHCI-0594,2017,Netherlands,Europe,High,17.82,11.02,2.94,0.928,8.6,3.08,4.55,10.9,40.5,78.1,20.32,5.42,5.1,10.1,61.6,78.7,21.9,59.39,High
GMHCI-0595,2021,Spain,Europe,High,14.38,21.02,2.1,1.145,6.69,1.07,3.57,4.8,38.6,84.1,17.14,11.95,9.5,22.1,91.4,46.8,23.8,55.23,High
GMHCI-0596,2024,Argentina,South America,Upper-Middle,13.17,8.98,0.6,0.536,5.7,1.03,2.35,11.7,57.8,53.0,5.39,3.85,9.6,10.4,33.8,26.0,54.8,59.77,High
GMHCI-0597,2016,Ukraine,Europe,Lower-Middle,8.95,11.23,2.99,0.997,8.74,3.48,11.5,11.02,83.6,43.3,0.14,2.04,6.0,5.5,61.6,53.5,61.4,59.95,High
GMHCI-0598,2018,Russia,Europe,Upper-Middle,12.6,11.62,3.17,1.188,8.98,1.67,11.56,5.04,58.7,50.3,3.7,3.75,4.5,7.8,64.2,64.1,53.7,52.1,High
GMHCI-0599,2023,South Africa,Africa,Upper-Middle,8.01,17.35,1.25,0.758,1.45,0.81,3.86,11.91,65.2,62.2,4.87,4.93,9.8,23.2,58.2,92.9,46.9,60.45,High
GMHCI-0600,2024,Canada,North America,High,12.9,21.88,0.83,0.495,4.11,3.69,3.24,6.63,25.0,96.3,14.57,10.91,10.3,26.4,76.5,71.0,4.3,51.49,High
GMHCI-0601,2024,Turkey,Asia,Upper-Middle,12.87,12.95,1.73,0.417,6.96,2.03,5.82,11.68,60.5,68.6,7.42,4.63,10.0,5.5,65.7,82.4,27.4,59.24,High
GMHCI-0602,2024,Saudi Arabia,Asia,High,14.58,10.5,3.1,0.968,4.2,2.98,8.02,12.52,44.2,89.7,19.72,10.96,7.0,11.2,78.6,88.5,18.3,56.69,High
GMHCI-0603,2024,India,Asia,Lower-Middle,10.1,8.84,1.24,0.465,1.78,0.64,8.57,10.57,71.8,25.8,0.62,2.34,6.5,22.6,78.5,73.2,72.3,58.58,High
GMHCI-0604,2023,Ukraine,Europe,Lower-Middle,5.26,12.06,1.4,0.827,4.6,3.56,6.61,9.12,70.8,41.3,1.15,1.73,3.9,20.9,51.0,34.6,55.8,50.14,High
GMHCI-0605,2017,Turkey,Asia,Upper-Middle,6.13,12.07,1.95,0.986,6.15,0.69,10.79,7.5,67.4,66.0,8.33,5.74,8.1,17.3,91.9,77.5,26.0,44.12,Moderate
GMHCI-0606,2022,Ghana,Africa,Lower-Middle,4.06,5.65,0.79,1.133,5.25,0.87,2.4,8.52,77.6,35.0,0.6,1.24,7.2,8.7,75.4,56.7,66.0,44.39,Moderate
GMHCI-0607,2020,Egypt,Africa,Lower-Middle,4.16,5.19,2.13,0.401,2.85,2.43,5.67,3.07,72.2,20.4,1.82,1.78,7.0,17.0,35.0,79.8,79.4,37.72,Moderate
GMHCI-0608,2018,Nigeria,Africa,Lower-Middle,4.69,11.04,0.75,0.229,4.37,3.98,11.4,4.86,84.2,33.6,1.9,0.8,8.3,18.5,47.5,67.5,62.1,45.5,Moderate
GMHCI-0609,2024,Kenya,Africa,Lower-Middle,6.03,12.49,2.45,0.994,8.35,2.63,9.32,3.71,80.8,20.2,0.73,1.8,6.1,14.4,32.3,47.8,70.5,47.82,Moderate
GMHCI-0610,2017,United Kingdom,Europe,High,15.26,16.74,2.8,0.243,8.65,2.26,2.84,8.17,27.5,87.6,18.64,4.7,3.7,27.5,37.2,21.0,16.2,54.4,High
GMHCI-0611,2016,Argentina,South America,Upper-Middle,8.2,13.3,1.14,0.871,1.3,3.65,6.89,5.41,55.3,49.6,8.12,5.25,9.5,22.2,82.3,42.2,40.7,45.56,Moderate
GMHCI-0612,2024,Spain,Europe,High,8.12,18.14,2.57,0.5,6.59,3.65,7.9,14.4,34.7,77.3,9.95,4.01,6.6,22.9,93.4,30.0,26.1,56.99,High
GMHCI-0613,2023,Russia,Europe,Upper-Middle,14.73,12.14,2.72,0.871,8.15,2.4,10.85,9.5,60.4,51.2,3.92,2.49,9.5,20.7,71.0,78.7,50.3,61.48,High
GMHCI-0614,2023,France,Europe,High,17.4,16.67,1.99,0.247,2.56,3.79,10.6,10.76,25.8,77.1,18.16,4.22,10.3,3.4,68.3,87.3,20.9,61.35,High
GMHCI-0615,2021,Australia,Oceania,High,13.54,15.91,2.8,0.799,8.85,2.93,1.88,7.82,26.4,96.4,14.2,7.27,7.7,3.4,39.7,39.7,1.7,48.43,Moderate
GMHCI-0616,2015,China,Asia,Upper-Middle,10.98,10.46,2.91,0.269,1.91,1.84,5.1,10.07,58.7,47.4,3.99,5.28,7.7,20.5,62.4,56.8,53.8,55.8,High
GMHCI-0617,2021,China,Asia,Upper-Middle,8.77,13.34,1.4,0.566,1.74,3.13,5.39,16.17,66.4,52.4,5.26,5.7,8.0,16.2,40.9,44.7,42.7,63.33,High
GMHCI-0618,2020,Poland,Europe,Upper-Middle,14.96,11.59,0.66,0.344,4.66,1.18,2.14,12.23,54.5,60.8,6.57,2.7,6.7,25.5,38.7,91.7,39.7,62.6,High
GMHCI-0619,2015,New Zealand,Oceania,High,8.91,14.66,0.6,0.972,7.36,1.92,10.6,8.39,28.6,73.4,13.63,10.5,6.5,4.5,68.4,21.1,28.8,46.05,Moderate
GMHCI-0620,2024,Argentina,South America,Upper-Middle,12.3,11.28,2.1,0.71,5.46,3.32,9.27,16.77,62.7,61.1,7.37,5.99,9.5,22.7,85.3,43.7,29.5,64.65,High
GMHCI-0621,2023,Netherlands,Europe,High,17.76,17.05,3.4,0.76,4.17,0.9,10.24,9.93,43.8,80.4,16.86,11.69,7.7,12.6,33.5,25.6,14.5,62.84,High
GMHCI-0622,2020,Ukraine,Europe,Lower-Middle,9.83,7.18,0.84,1.118,1.76,2.57,11.16,5.06,77.8,30.0,1.31,2.45,8.1,7.8,75.3,76.6,65.4,48.93,Moderate
GMHCI-0623,2017,France,Europe,High,13.97,12.07,2.78,1.047,8.68,1.39,11.99,14.55,53.7,90.2,20.97,6.22,5.9,19.0,33.2,82.5,11.8,60.57,High
GMHCI-0624,2020,Nigeria,Africa,Lower-Middle,5.29,9.11,0.51,0.937,5.23,1.77,11.96,10.66,74.6,36.3,1.36,1.24,5.4,9.8,74.7,24.8,54.8,50.07,High
GMHCI-0625,2022,Tanzania,Africa,Low,6.79,9.07,1.27,0.361,7.46,0.68,2.58,3.48,93.9,23.0,0.2,0.23,7.0,4.8,58.8,86.4,79.3,48.78,Moderate
GMHCI-0626,2020,Spain,Europe,High,16.01,21.65,3.2,0.47,3.01,3.27,5.08,6.29,46.2,82.8,20.35,4.79,9.6,13.7,66.2,30.9,9.1,59.09,High
GMHCI-0627,2018,Indonesia,Asia,Lower-Middle,4.5,11.79,1.59,0.53,1.64,1.99,9.23,7.43,73.5,43.1,0.18,2.21,4.9,21.6,95.9,50.7,54.2,46.67,Moderate
GMHCI-0628,2019,Sweden,Europe,High,11.27,13.97,3.48,1.159,4.03,0.84,5.93,6.1,43.0,89.1,13.74,5.3,9.1,10.5,92.6,88.5,9.3,44.8,Moderate
GMHCI-0629,2018,India,Asia,Lower-Middle,6.94,13.88,1.81,0.485,5.38,0.97,10.41,7.65,74.4,41.8,0.32,2.47,5.9,11.1,69.1,78.8,59.2,53.15,High
GMHCI-0630,2024,Kenya,Africa,Lower-Middle,11.94,6.18,0.99,0.686,1.26,1.44,9.52,8.36,86.5,43.1,1.67,0.84,8.4,7.1,92.1,55.9,65.6,56.89,High
GMHCI-0631,2022,United Kingdom,Europe,High,13.23,16.6,1.96,1.066,1.61,1.75,5.99,13.56,37.2,75.3,14.36,7.67,4.3,15.5,92.9,91.0,20.8,61.11,High
GMHCI-0632,2017,Tanzania,Africa,Low,3.85,6.67,0.67,0.282,4.2,2.82,4.77,7.83,87.0,17.6,0.08,0.54,5.8,6.3,60.8,40.3,89.9,49.09,Moderate
GMHCI-0633,2019,Nigeria,Africa,Lower-Middle,11.64,11.25,2.93,0.862,2.48,3.75,4.85,3.7,76.0,49.6,1.6,1.0,9.7,11.0,77.1,95.0,41.7,49.42,Moderate
GMHCI-0634,2022,Ukraine,Europe,Lower-Middle,10.89,7.21,1.77,0.335,8.8,1.28,2.69,8.52,85.5,39.9,0.81,0.56,9.4,3.5,58.4,37.3,56.5,55.07,High
GMHCI-0635,2018,Poland,Europe,Upper-Middle,6.37,12.04,1.79,0.808,2.88,3.32,6.85,9.03,52.8,66.9,4.64,5.86,3.8,14.0,93.5,80.4,23.6,43.96,Moderate
GMHCI-0636,2015,Japan,Asia,High,14.84,21.88,2.01,0.631,3.98,2.9,7.87,8.87,41.5,96.6,21.7,11.78,9.2,5.9,46.2,25.4,0.0,59.17,High
GMHCI-0637,2022,South Africa,Africa,Upper-Middle,8.92,10.6,2.02,0.228,5.49,2.05,6.62,14.71,50.2,68.2,8.12,4.88,7.7,2.7,77.2,57.9,35.1,55.4,High
GMHCI-0638,2015,India,Asia,Lower-Middle,7.55,7.87,2.97,0.683,4.87,1.33,8.62,9.24,87.3,45.8,0.46,0.92,4.2,16.1,31.5,67.0,61.2,53.02,High
GMHCI-0639,2015,Indonesia,Asia,Lower-Middle,5.1,5.47,1.2,0.382,7.01,0.94,7.9,7.29,71.7,42.2,0.17,2.1,6.7,15.6,69.3,49.1,51.7,40.91,Moderate
GMHCI-0640,2017,Philippines,Asia,Lower-Middle,9.49,8.79,0.59,0.992,1.09,0.75,11.24,4.84,76.5,34.0,1.56,0.67,3.6,27.7,76.3,83.2,63.2,49.08,Moderate
GMHCI-0641,2019,Egypt,Africa,Lower-Middle,8.65,5.71,1.25,0.805,3.34,2.89,3.18,11.52,78.6,28.8,0.48,0.9,8.9,9.9,45.5,37.9,73.3,56.23,High
GMHCI-0642,2016,Ghana,Africa,Lower-Middle,5.36,10.07,1.86,0.41,8.79,0.51,10.38,5.42,80.5,41.9,1.95,1.3,7.1,12.0,68.5,87.6,59.2,45.33,Moderate
GMHCI-0643,2021,France,Europe,High,16.04,12.95,2.05,0.327,1.76,0.98,6.36,15.12,42.7,94.2,9.02,6.64,9.5,23.4,81.6,80.4,0.0,61.59,High
GMHCI-0644,2024,Kenya,Africa,Lower-Middle,6.92,11.42,3.05,1.018,5.75,1.97,9.26,8.49,85.4,40.9,1.17,2.02,9.3,26.3,89.9,33.6,60.1,53.87,High
GMHCI-0645,2017,New Zealand,Oceania,High,9.9,14.23,1.52,0.879,2.67,3.97,7.34,4.51,42.9,82.8,24.65,6.17,9.7,12.4,63.9,24.6,17.5,42.14,Moderate
GMHCI-0646,2020,Egypt,Africa,Lower-Middle,8.35,12.79,0.86,0.783,3.55,3.72,6.27,11.19,72.3,41.7,0.4,1.31,7.1,7.0,60.4,39.9,52.2,57.66,High
GMHCI-0647,2017,Netherlands,Europe,High,13.37,21.6,0.79,1.198,4.26,3.45,2.17,12.4,29.9,90.1,23.06,8.99,9.4,23.7,31.3,20.4,8.2,61.23,High
GMHCI-0648,2023,Canada,North America,High,17.97,21.1,2.63,0.885,8.32,2.01,10.94,15.33,38.0,97.8,24.45,5.65,6.8,24.4,77.0,69.1,10.6,72.84,High
GMHCI-0649,2022,United Kingdom,Europe,High,13.93,12.68,0.65,1.003,6.35,3.03,11.57,8.43,49.0,86.6,14.53,4.27,8.3,25.4,85.8,77.3,9.1,51.45,High
GMHCI-0650,2024,United Kingdom,Europe,High,12.92,20.46,3.14,1.068,2.08,1.55,6.28,11.38,31.6,76.8,24.11,5.32,6.7,6.7,89.8,23.0,15.3,59.48,High
GMHCI-0651,2019,Iran,Asia,Upper-Middle,14.01,17.75,1.55,0.657,4.46,3.17,8.28,15.37,58.5,56.0,5.16,5.43,5.3,14.2,41.3,32.2,45.5,72.72,High
GMHCI-0652,2021,Kenya,Africa,Lower-Middle,6.53,13.7,3.15,1.137,1.05,2.95,10.01,10.85,70.3,34.3,0.43,2.1,4.0,15.4,48.9,44.1,57.2,55.93,High
GMHCI-0653,2023,Australia,Oceania,High,11.88,18.57,0.71,0.599,4.95,3.59,9.4,7.21,39.1,85.4,23.96,11.84,10.5,26.3,35.6,49.5,8.3,50.63,High
GMHCI-0654,2015,Ethiopia,Africa,Low,5.48,8.34,2.59,0.723,2.41,3.32,10.49,7.47,90.8,16.3,0.07,0.39,9.6,21.3,82.2,28.5,80.5,51.54,High
GMHCI-0655,2022,Colombia,South America,Upper-Middle,13.85,13.79,3.15,0.821,3.65,1.71,9.85,10.69,67.2,57.7,7.9,2.06,4.1,9.3,63.3,44.1,36.4,62.37,High
GMHCI-0656,2024,Australia,Oceania,High,11.51,20.35,0.58,0.486,6.12,4.0,4.65,13.32,34.9,88.5,10.29,6.9,5.2,3.4,56.6,64.7,10.4,59.89,High
GMHCI-0657,2020,New Zealand,Oceania,High,9.12,16.9,1.84,0.409,8.45,1.53,4.07,6.6,39.0,76.4,13.63,4.53,5.4,20.5,90.8,67.6,33.4,48.18,Moderate
GMHCI-0658,2020,Russia,Europe,Upper-Middle,10.32,16.3,3.1,0.353,7.33,1.72,3.1,8.52,69.8,71.5,9.71,5.32,10.7,23.1,67.7,29.9,30.4,56.23,High
GMHCI-0659,2016,South Korea,Asia,High,17.59,11.95,2.75,0.842,4.34,1.25,7.27,11.53,52.5,75.1,17.32,9.85,9.7,15.1,74.0,41.0,28.9,63.68,High
GMHCI-0660,2016,Canada,North America,High,8.44,12.7,1.6,0.701,7.93,1.43,11.37,10.4,52.3,91.2,18.51,5.03,4.1,12.9,92.8,89.2,6.8,46.74,Moderate
GMHCI-0661,2018,Spain,Europe,High,11.16,18.61,0.99,0.313,8.48,2.34,3.86,15.13,46.2,85.9,24.38,7.16,4.5,7.5,95.7,80.1,19.7,63.46,High
GMHCI-0662,2024,China,Asia,Upper-Middle,7.9,12.8,2.15,1.111,8.77,3.92,5.61,5.86,59.5,51.3,7.92,3.16,6.7,15.8,68.9,56.9,42.1,46.17,Moderate
GMHCI-0663,2018,Sweden,Europe,High,8.75,18.84,0.79,1.163,6.07,1.54,7.5,11.29,46.4,86.5,15.9,9.57,3.4,26.0,29.6,80.8,23.0,55.51,High
GMHCI-0664,2022,Tanzania,Africa,Low,6.16,5.63,3.36,0.924,2.03,3.86,10.95,2.46,85.2,13.4,0.27,0.14,4.5,11.9,67.9,81.2,91.4,43.84,Moderate
GMHCI-0665,2019,Mexico,North America,Upper-Middle,12.91,10.43,2.38,0.242,7.47,1.53,8.84,14.77,61.7,69.7,6.43,5.29,8.4,7.1,80.8,72.1,23.5,60.9,High
GMHCI-0666,2021,Sweden,Europe,High,11.7,12.34,2.4,1.173,8.92,3.55,5.9,15.74,28.6,70.7,15.73,10.66,4.1,24.5,63.9,87.3,36.7,59.21,High
GMHCI-0667,2019,Saudi Arabia,Asia,High,10.59,21.51,2.52,1.11,7.68,2.08,9.21,11.33,35.6,95.4,15.64,11.33,8.9,12.9,69.6,36.8,10.1,56.96,High
GMHCI-0668,2017,Brazil,South America,Upper-Middle,14.8,13.97,0.74,1.088,6.34,2.93,3.48,6.9,61.4,54.0,2.11,4.13,5.6,2.3,37.7,85.3,50.5,59.81,High
GMHCI-0669,2024,Sweden,Europe,High,12.02,15.94,3.12,0.99,3.24,1.16,10.58,11.38,42.7,81.0,10.96,6.66,6.3,21.1,96.0,76.2,9.9,55.01,High
GMHCI-0670,2016,Colombia,South America,Upper-Middle,14.93,12.46,1.53,0.251,4.85,3.27,7.2,12.85,52.1,60.0,2.19,3.06,7.4,19.5,49.4,54.5,35.3,63.18,High
GMHCI-0671,2017,Philippines,Asia,Lower-Middle,11.11,13.27,1.58,1.017,7.42,2.15,9.79,10.11,75.5,35.5,2.0,2.3,8.3,14.8,42.5,35.3,65.0,62.84,High
GMHCI-0672,2021,Egypt,Africa,Lower-Middle,6.95,6.2,3.25,0.783,9.0,2.79,2.1,9.2,72.4,28.3,1.7,0.88,3.9,3.6,97.8,30.0,74.4,50.31,High
GMHCI-0673,2018,Italy,Europe,High,8.51,16.45,3.43,0.292,3.62,2.86,7.51,7.81,36.7,86.4,16.58,5.48,4.0,26.2,46.8,85.0,12.6,45.13,Moderate
GMHCI-0674,2021,Tanzania,Africa,Low,6.57,7.12,1.35,0.668,7.59,2.04,4.0,7.16,95.6,6.6,0.5,0.22,10.8,10.7,54.2,92.7,85.9,53.06,High
GMHCI-0675,2016,Japan,Asia,High,9.69,13.9,0.61,0.409,1.09,2.71,5.34,6.93,33.6,77.2,10.2,4.68,3.9,20.7,45.6,80.5,29.7,45.32,Moderate
GMHCI-0676,2016,Colombia,South America,Upper-Middle,6.97,12.33,1.66,0.416,2.49,1.22,2.09,13.51,73.4,64.3,4.45,4.85,5.2,4.3,37.9,40.4,26.6,54.88,High
GMHCI-0677,2022,Pakistan,Asia,Lower-Middle,10.45,6.6,2.92,0.826,5.55,2.53,3.63,11.46,73.6,39.1,0.2,1.02,4.6,12.5,44.2,46.2,64.5,57.37,High
GMHCI-0678,2018,Italy,Europe,High,10.43,17.89,1.27,0.629,2.33,2.43,9.44,4.78,51.5,91.9,17.13,8.6,10.0,25.5,69.9,35.3,12.9,47.21,Moderate
GMHCI-0679,2016,Kenya,Africa,Lower-Middle,5.21,7.06,2.32,0.385,5.16,1.89,11.26,11.36,71.6,41.3,1.57,1.14,3.7,23.9,50.7,87.3,61.8,49.66,Moderate
GMHCI-0680,2021,Argentina,South America,Upper-Middle,12.95,12.27,0.51,0.699,3.16,0.5,10.01,7.14,62.2,58.3,3.69,4.0,5.1,16.0,76.4,27.8,32.5,53.45,High
GMHCI-0681,2023,Russia,Europe,Upper-Middle,13.2,10.07,2.54,0.547,1.71,3.47,5.66,6.27,62.6,62.6,7.83,4.26,4.9,10.9,45.6,78.9,45.1,52.54,High
GMHCI-0682,2022,China,Asia,Upper-Middle,6.62,12.39,0.59,0.674,3.87,1.35,5.81,13.12,68.2,60.2,4.87,2.26,8.4,22.9,60.7,24.5,44.3,55.76,High
GMHCI-0683,2023,Netherlands,Europe,High,17.61,11.64,2.22,0.486,4.95,1.9,2.44,13.13,42.2,88.2,23.11,5.03,7.9,12.7,43.9,46.6,15.0,61.99,High
GMHCI-0684,2024,Pakistan,Asia,Lower-Middle,9.86,12.62,1.12,0.984,5.8,1.41,3.04,4.27,72.9,36.3,1.15,0.51,9.7,22.4,70.7,35.7,63.0,51.71,High
GMHCI-0685,2024,Iran,Asia,Upper-Middle,9.48,12.68,1.53,0.211,6.79,2.86,7.17,11.62,52.0,51.6,3.05,3.53,10.8,27.3,83.0,76.6,56.9,57.33,High
GMHCI-0686,2020,New Zealand,Oceania,High,15.27,17.25,2.79,0.894,1.62,2.91,5.8,4.2,46.4,86.5,12.38,9.77,4.3,13.9,44.6,54.6,19.3,52.72,High
GMHCI-0687,2022,Spain,Europe,High,16.68,11.44,0.85,0.591,7.09,1.05,9.64,7.34,49.2,94.7,22.41,11.31,10.4,15.0,73.0,92.4,12.3,53.14,High
GMHCI-0688,2018,France,Europe,High,17.4,14.08,3.3,0.808,7.53,3.28,8.76,5.13,32.5,93.0,11.62,8.55,5.1,7.6,73.8,37.8,7.0,50.12,High
GMHCI-0689,2021,Italy,Europe,High,9.2,12.36,0.96,0.431,1.97,2.31,8.18,4.5,40.2,87.8,16.06,4.62,10.8,22.5,96.9,70.2,2.5,36.79,Moderate
GMHCI-0690,2022,Saudi Arabia,Asia,High,15.81,13.39,3.43,1.097,5.43,3.77,2.6,10.42,49.7,73.3,10.39,4.88,5.6,21.8,71.3,67.1,36.1,61.63,High
GMHCI-0691,2020,Ukraine,Europe,Lower-Middle,7.51,11.75,1.16,0.477,7.84,2.28,6.43,9.27,77.6,31.4,1.86,1.67,7.5,21.8,56.1,31.0,64.4,55.52,High
GMHCI-0692,2020,Philippines,Asia,Lower-Middle,6.44,13.58,1.82,0.205,3.71,2.61,4.96,4.71,71.4,37.6,0.48,2.17,4.6,11.3,56.6,58.7,62.5,48.14,Moderate
GMHCI-0693,2024,Argentina,South America,Upper-Middle,6.98,14.18,1.53,0.667,1.76,2.55,9.77,14.15,68.3,70.0,2.91,3.47,9.6,7.2,38.4,31.9,29.3,57.09,High
GMHCI-0694,2015,Kenya,Africa,Lower-Middle,5.67,5.82,1.87,0.677,2.08,3.06,1.8,4.94,75.9,37.6,1.57,1.07,10.4,20.6,43.4,29.2,56.3,40.09,Moderate
GMHCI-0695,2022,Sweden,Europe,High,15.77,21.06,2.9,0.722,7.51,2.15,8.4,9.2,53.2,79.9,21.17,7.99,7.6,20.0,31.7,26.7,23.8,65.54,High
GMHCI-0696,2023,South Africa,Africa,Upper-Middle,13.61,14.16,2.77,0.866,2.68,1.6,10.4,17.15,68.3,65.2,6.25,3.25,10.4,6.5,49.2,74.4,41.9,72.33,High
GMHCI-0697,2022,Canada,North America,High,12.64,11.58,2.77,0.757,6.66,2.72,5.38,11.08,54.9,85.2,24.06,6.53,7.8,14.4,78.8,69.9,24.3,55.52,High
GMHCI-0698,2023,Iran,Asia,Upper-Middle,8.23,14.79,0.75,0.227,8.64,1.8,7.15,7.09,50.1,73.7,6.49,5.14,9.8,22.2,32.6,36.3,25.8,46.26,Moderate
GMHCI-0699,2018,Brazil,South America,Upper-Middle,8.57,8.12,2.83,0.845,2.16,2.87,7.97,14.46,59.6,65.9,6.37,4.45,9.7,17.5,47.0,37.3,32.9,53.43,High
GMHCI-0700,2022,Colombia,South America,Upper-Middle,12.62,12.72,1.44,1.04,6.3,1.6,8.85,6.96,71.2,73.3,7.0,4.74,3.8,15.6,57.8,91.9,30.7,54.26,High
GMHCI-0701,2021,Australia,Oceania,High,12.9,17.78,2.02,0.9,6.34,3.44,1.69,7.17,29.0,94.8,14.56,6.37,3.0,5.9,63.2,79.6,1.4,48.69,Moderate
GMHCI-0702,2015,Nigeria,Africa,Lower-Middle,4.63,11.17,1.56,1.138,7.04,3.15,11.34,3.15,78.3,30.8,0.13,2.07,5.4,7.4,48.3,45.6,71.7,43.7,Moderate
GMHCI-0703,2018,Netherlands,Europe,High,13.81,15.97,3.17,0.884,7.81,2.93,2.17,13.12,29.9,97.6,23.66,9.8,5.7,8.1,51.6,78.9,0.0,56.5,High
GMHCI-0704,2018,Argentina,South America,Upper-Middle,14.19,14.52,1.06,0.817,7.18,1.21,2.88,12.23,50.7,61.1,5.91,3.58,9.0,11.4,58.6,79.7,31.3,62.35,High
GMHCI-0705,2021,Egypt,Africa,Lower-Middle,7.56,6.81,2.88,0.578,2.09,0.65,7.39,8.28,80.2,32.6,1.2,2.45,8.1,21.9,96.8,83.2,58.2,49.2,Moderate
GMHCI-0706,2017,Spain,Europe,High,8.55,16.07,2.49,0.574,3.22,2.88,6.74,14.46,35.6,80.5,9.62,4.74,5.4,20.4,53.1,54.5,26.7,56.02,High
GMHCI-0707,2020,Norway,Europe,High,8.15,19.53,1.52,1.151,1.7,3.57,10.2,5.74,50.6,94.4,17.78,11.44,8.3,13.4,82.5,33.4,0.0,44.79,Moderate
GMHCI-0708,2020,Philippines,Asia,Lower-Middle,6.06,6.34,1.6,0.442,5.66,2.72,1.55,11.15,84.1,41.5,1.88,2.27,8.5,20.0,59.9,59.9,65.6,52.38,High
GMHCI-0709,2024,Argentina,South America,Upper-Middle,7.08,11.84,2.14,0.72,8.44,1.98,10.9,9.94,61.9,54.6,8.91,5.06,6.1,18.8,87.9,63.0,51.2,51.56,High
GMHCI-0710,2022,Tanzania,Africa,Low,6.9,5.94,0.92,0.565,4.54,2.69,3.76,4.54,91.6,11.4,0.29,0.78,4.4,21.5,87.8,79.6,87.3,48.4,Moderate
GMHCI-0711,2018,Mexico,North America,Upper-Middle,11.98,10.08,1.96,0.783,7.8,3.38,5.03,8.66,61.4,53.0,7.98,5.71,9.1,16.4,27.1,39.2,45.6,54.07,High
GMHCI-0712,2023,Thailand,Asia,Upper-Middle,13.71,8.35,1.28,0.494,6.37,3.53,7.5,15.25,71.6,72.2,2.39,4.8,7.2,9.5,47.5,29.5,37.8,64.44,High
GMHCI-0713,2017,Vietnam,Asia,Lower-Middle,10.68,11.31,2.11,1.039,8.79,3.08,4.37,6.32,81.2,28.6,0.29,1.3,10.8,11.7,77.4,83.9,67.0,56.37,High
GMHCI-0714,2020,United States,North America,High,10.87,18.41,0.88,0.487,5.85,2.4,6.96,15.16,48.1,78.7,18.22,8.02,6.5,10.7,61.9,63.5,16.6,62.74,High
GMHCI-0715,2020,Egypt,Africa,Lower-Middle,11.81,6.55,0.87,0.382,5.52,1.95,8.68,4.22,87.2,22.6,1.89,0.71,6.6,15.0,67.7,81.1,70.4,52.13,High
GMHCI-0716,2019,Netherlands,Europe,High,12.2,15.39,1.26,0.715,2.55,2.89,7.84,4.47,31.5,85.6,17.62,11.04,8.2,21.8,85.5,22.2,13.7,44.02,Moderate
GMHCI-0717,2016,Indonesia,Asia,Lower-Middle,10.23,8.85,1.58,0.323,1.68,2.88,10.09,8.76,87.3,30.9,0.46,1.96,6.2,6.5,82.3,67.2,72.7,58.69,High
GMHCI-0718,2022,Russia,Europe,Upper-Middle,12.34,13.23,1.14,1.177,2.18,3.42,5.26,13.85,64.7,56.8,6.63,3.12,9.3,2.3,78.1,94.7,39.9,64.29,High
GMHCI-0719,2022,China,Asia,Upper-Middle,14.0,8.87,2.52,0.473,3.38,1.29,10.09,10.95,65.4,70.5,3.89,4.72,6.4,8.2,31.1,71.4,38.2,58.46,High
GMHCI-0720,2024,Indonesia,Asia,Lower-Middle,5.82,12.4,1.98,0.646,8.03,3.53,5.7,11.18,81.9,37.4,1.77,2.1,10.1,16.5,71.2,83.8,64.1,57.03,High
GMHCI-0721,2017,Vietnam,Asia,Lower-Middle,6.09,7.7,1.93,0.506,3.35,2.87,11.0,11.04,74.5,35.4,0.94,1.2,10.4,26.5,83.4,21.6,55.8,50.56,High
GMHCI-0722,2016,Canada,North America,High,13.7,10.84,2.58,1.024,6.82,3.0,6.99,8.77,47.9,91.0,21.17,5.37,7.1,24.0,90.7,24.2,6.0,49.29,Moderate
GMHCI-0723,2023,Australia,Oceania,High,8.2,11.09,2.43,0.936,2.85,1.71,6.31,6.02,28.1,76.7,11.01,10.09,9.7,4.3,33.4,29.2,20.1,37.15,Moderate
GMHCI-0724,2023,Mexico,North America,Upper-Middle,13.37,16.79,2.84,1.037,6.65,0.98,5.41,15.45,52.7,52.5,4.43,5.43,8.2,26.4,39.9,94.3,42.0,69.66,High
GMHCI-0725,2023,South Korea,Asia,High,12.34,16.51,1.69,0.496,3.53,1.27,4.16,6.98,52.4,84.6,9.42,9.52,5.3,13.7,31.8,24.1,6.6,50.85,High
GMHCI-0726,2022,China,Asia,Upper-Middle,6.92,16.76,1.01,0.238,4.7,0.56,8.77,8.0,65.5,60.2,7.62,5.58,4.1,6.0,44.4,61.9,40.3,52.03,High
GMHCI-0727,2015,Mexico,North America,Upper-Middle,14.45,9.09,0.62,0.253,6.85,3.05,2.5,12.09,64.4,58.1,2.97,3.06,9.2,27.6,25.0,33.6,39.2,60.86,High
GMHCI-0728,2017,Nigeria,Africa,Lower-Middle,9.01,5.69,1.11,0.229,5.27,2.23,2.83,6.44,75.6,33.5,1.65,1.37,6.6,8.2,64.5,86.7,56.9,46.74,Moderate
GMHCI-0729,2019,Spain,Europe,High,11.31,21.96,3.12,0.216,7.23,2.78,1.58,9.77,53.3,94.5,14.6,8.82,3.5,6.3,70.2,22.0,4.1,58.01,High
GMHCI-0730,2020,Philippines,Asia,Lower-Middle,9.04,6.23,3.12,0.8,6.3,1.49,11.47,7.83,76.8,38.1,0.35,2.47,7.9,3.2,56.7,58.6,69.8,51.32,High
GMHCI-0731,2018,Mexico,North America,Upper-Middle,11.53,17.8,2.78,0.292,3.69,3.72,9.54,15.27,63.4,55.4,8.55,3.58,7.9,11.3,94.0,20.7,49.8,70.58,High
GMHCI-0732,2024,India,Asia,Lower-Middle,10.24,5.94,2.07,1.136,1.41,0.94,11.1,4.15,84.5,39.9,0.33,1.77,8.1,20.9,48.8,34.4,68.1,48.53,Moderate
GMHCI-0733,2024,Nigeria,Africa,Lower-Middle,6.93,11.23,2.87,0.93,1.42,3.86,11.42,10.0,70.5,42.1,1.29,0.84,9.9,10.6,93.9,39.9,60.1,53.53,High
GMHCI-0734,2024,Australia,Oceania,High,16.25,20.16,0.9,0.339,1.22,0.83,7.27,6.3,54.9,71.2,15.55,7.47,5.3,27.4,97.1,70.2,37.7,63.7,High
GMHCI-0735,2015,Vietnam,Asia,Lower-Middle,10.0,13.81,1.12,0.218,8.26,2.86,3.63,5.43,71.2,40.1,0.64,2.21,7.5,14.6,62.5,22.1,66.7,54.89,High
GMHCI-0736,2024,Netherlands,Europe,High,11.15,11.67,2.87,1.094,6.04,3.3,3.76,9.6,50.7,82.6,18.59,9.22,10.8,25.7,67.9,43.5,24.2,50.82,High
GMHCI-0737,2022,Colombia,South America,Upper-Middle,7.08,10.36,1.9,0.967,8.66,1.38,11.66,15.66,54.2,49.6,2.22,3.96,4.0,7.8,43.1,53.8,46.8,56.32,High
GMHCI-0738,2017,South Africa,Africa,Upper-Middle,8.0,17.78,3.17,0.958,2.27,0.7,4.56,16.37,56.2,47.6,8.03,5.7,5.9,3.0,41.6,61.0,55.2,66.89,High
GMHCI-0739,2017,Sweden,Europe,High,9.77,21.63,1.18,0.833,3.48,1.25,2.32,11.08,34.3,77.8,20.34,8.92,9.0,18.9,84.0,59.4,19.3,56.77,High
GMHCI-0740,2020,Nigeria,Africa,Lower-Middle,5.67,5.66,2.44,0.86,3.52,1.11,8.37,10.36,81.4,35.6,0.29,0.85,4.3,11.3,60.8,30.9,57.8,48.54,Moderate
GMHCI-0741,2022,Germany,Europe,High,15.38,19.69,2.24,0.485,5.49,3.12,10.1,8.02,28.0,88.6,19.78,10.62,11.0,23.6,97.2,65.5,14.7,56.89,High
GMHCI-0742,2016,Kenya,Africa,Lower-Middle,4.72,5.16,2.22,0.769,4.71,1.62,1.89,9.67,79.1,22.4,0.52,1.33,4.3,16.8,37.8,54.4,85.1,49.55,Moderate
GMHCI-0743,2024,Turkey,Asia,Upper-Middle,7.99,14.04,3.36,0.671,3.23,0.65,3.85,10.93,68.9,55.9,3.84,2.85,8.0,9.3,67.8,77.0,52.7,57.49,High
GMHCI-0744,2015,Italy,Europe,High,8.67,19.62,1.64,0.413,3.81,2.98,7.16,12.7,39.1,91.3,20.36,8.85,5.4,5.8,74.1,71.3,12.0,55.3,High
GMHCI-0745,2017,South Africa,Africa,Upper-Middle,7.84,8.29,1.95,0.57,8.3,1.3,3.18,6.81,58.5,50.9,5.52,2.66,7.2,21.1,84.5,59.8,45.1,43.6,Moderate
GMHCI-0746,2018,Vietnam,Asia,Lower-Middle,8.75,5.13,2.8,0.261,4.77,2.9,3.07,5.9,87.7,41.3,1.3,1.49,7.1,6.8,78.4,83.9,52.5,46.31,Moderate
GMHCI-0747,2019,Norway,Europe,High,16.61,19.45,1.5,0.868,7.87,1.96,9.15,13.11,38.3,95.5,16.36,11.03,10.7,11.4,52.2,91.8,0.0,64.82,High
GMHCI-0748,2017,France,Europe,High,9.49,11.08,2.92,1.019,5.37,1.31,5.83,4.15,30.3,85.4,22.39,9.67,5.3,7.9,27.6,35.7,17.9,36.34,Moderate
GMHCI-0749,2019,Canada,North America,High,11.42,21.49,2.61,0.774,6.56,3.85,4.62,15.33,32.3,91.5,23.2,10.04,10.2,13.3,64.9,81.0,12.5,63.51,High
GMHCI-0750,2020,India,Asia,Lower-Middle,7.21,8.88,0.86,0.962,5.03,3.19,11.26,7.48,74.0,31.9,1.28,0.6,6.8,26.8,71.1,43.5,68.2,50.03,High
GMHCI-0751,2018,Nigeria,Africa,Lower-Middle,8.01,7.85,2.31,0.813,3.44,1.62,9.33,6.74,72.9,40.8,1.7,1.36,6.4,4.9,90.5,48.1,65.0,48.53,Moderate
GMHCI-0752,2022,Philippines,Asia,Lower-Middle,7.97,13.78,2.76,0.542,7.59,3.82,3.1,10.76,82.2,25.3,1.21,1.77,7.1,25.7,62.8,50.5,82.1,63.44,High
GMHCI-0753,2019,Tanzania,Africa,Low,7.56,7.57,0.59,0.905,2.9,0.75,5.25,6.01,90.2,6.8,0.36,0.93,8.1,12.0,74.1,28.0,89.5,52.96,High
GMHCI-0754,2023,United Kingdom,Europe,High,14.19,18.11,1.82,0.982,8.13,3.73,7.9,14.37,46.0,71.9,23.22,4.32,9.5,8.3,61.2,75.0,20.4,66.23,High
GMHCI-0755,2015,Ethiopia,Africa,Low,7.72,5.26,2.64,1.15,6.92,2.43,9.65,2.66,96.2,24.8,0.1,0.99,5.3,13.0,97.8,27.7,84.5,46.6,Moderate
GMHCI-0756,2018,Indonesia,Asia,Lower-Middle,6.9,12.19,2.99,1.148,2.27,3.91,10.42,3.22,84.9,28.9,1.65,2.09,3.7,4.6,58.3,57.4,65.2,47.91,Moderate
GMHCI-0757,2020,France,Europe,High,17.04,13.05,2.72,0.805,1.75,2.36,7.8,14.46,35.0,77.4,13.55,7.26,5.7,27.8,43.2,40.3,19.0,63.82,High
GMHCI-0758,2015,United States,North America,High,13.23,15.69,2.5,0.375,1.5,2.33,6.78,9.28,28.0,97.9,16.68,4.93,7.5,10.4,28.2,28.9,0.0,49.81,Moderate
GMHCI-0759,2021,France,Europe,High,15.83,18.24,2.96,0.73,2.07,2.42,2.47,10.29,39.6,84.4,8.24,8.67,7.1,7.1,43.9,89.2,22.1,62.24,High
GMHCI-0760,2015,Kenya,Africa,Lower-Middle,5.55,11.23,2.23,1.046,4.06,1.74,3.48,11.1,74.1,42.4,1.0,2.18,9.7,12.6,38.5,56.8,66.5,54.65,High
GMHCI-0761,2023,Pakistan,Asia,Lower-Middle,9.43,10.68,0.58,0.595,4.02,1.76,2.5,3.5,74.6,40.6,1.97,1.5,4.2,21.3,65.4,81.9,54.1,47.2,Moderate
GMHCI-0762,2021,Iran,Asia,Upper-Middle,6.14,14.78,2.2,0.594,2.24,2.59,10.04,14.82,58.2,69.1,3.94,5.57,6.3,9.6,74.2,94.5,25.9,55.34,High
GMHCI-0763,2018,Indonesia,Asia,Lower-Middle,9.33,6.51,2.11,0.827,7.62,0.76,8.65,7.22,82.9,49.6,0.88,0.87,9.8,4.1,67.1,71.6,55.0,49.84,Moderate
GMHCI-0764,2020,Argentina,South America,Upper-Middle,9.21,16.42,1.81,1.174,3.38,1.62,5.83,14.55,65.5,75.0,8.98,2.51,3.4,7.9,44.2,30.0,30.8,62.57,High
GMHCI-0765,2017,Tanzania,Africa,Low,8.17,7.12,1.53,0.678,8.82,1.63,8.73,6.91,88.6,9.8,0.28,0.47,10.4,27.7,39.0,69.3,83.9,53.56,High
GMHCI-0766,2016,Italy,Europe,High,11.0,10.62,0.63,1.177,1.65,0.67,9.24,15.09,37.7,97.3,16.51,10.66,4.8,8.3,94.8,64.8,0.0,51.66,High
GMHCI-0767,2023,Mexico,North America,Upper-Middle,9.43,11.15,1.31,0.315,5.5,1.23,2.39,17.45,64.6,55.6,7.86,3.4,8.9,13.0,45.7,73.6,52.4,65.22,High
GMHCI-0768,2021,Bangladesh,Asia,Lower-Middle,8.63,11.46,0.71,0.71,2.76,0.9,4.99,8.86,78.2,45.5,0.88,2.42,7.1,26.6,78.7,74.3,63.3,56.17,High
GMHCI-0769,2020,Mexico,North America,Upper-Middle,8.45,13.58,2.68,1.05,8.34,3.31,6.29,14.55,66.2,74.9,8.51,5.31,8.7,9.0,28.1,94.8,23.0,57.87,High
GMHCI-0770,2019,China,Asia,Upper-Middle,8.83,10.12,1.76,1.119,4.25,0.7,9.9,16.74,59.4,58.8,9.7,2.13,3.8,12.7,75.8,39.8,35.0,59.06,High
GMHCI-0771,2016,Italy,Europe,High,14.69,10.02,1.56,0.923,5.89,3.6,1.79,15.84,53.4,89.4,8.32,8.36,9.9,25.8,75.1,27.3,15.0,61.94,High
GMHCI-0772,2015,Russia,Europe,Upper-Middle,11.94,10.59,2.15,0.681,4.88,1.89,11.2,5.12,61.3,53.5,2.27,3.62,8.2,17.2,37.1,80.8,48.4,49.96,Moderate
GMHCI-0773,2016,China,Asia,Upper-Middle,8.97,16.99,2.12,0.908,2.77,2.33,9.77,14.8,69.2,55.9,9.05,2.44,7.7,22.3,44.4,85.0,52.2,66.88,High
GMHCI-0774,2016,Egypt,Africa,Lower-Middle,8.1,6.3,1.28,0.335,4.57,2.86,4.03,5.46,84.7,43.3,1.66,0.72,3.9,14.3,91.0,36.0,47.7,44.68,Moderate
GMHCI-0775,2023,Iran,Asia,Upper-Middle,8.6,13.19,0.52,0.304,3.74,1.33,6.53,10.89,57.8,47.7,7.96,2.65,4.3,6.1,95.8,67.1,57.3,56.5,High
GMHCI-0776,2019,United Kingdom,Europe,High,16.47,20.77,0.71,0.779,2.26,2.77,8.63,14.92,25.7,83.2,8.68,6.33,10.3,22.9,55.1,22.3,22.5,69.79,High
GMHCI-0777,2016,Kenya,Africa,Lower-Middle,5.99,13.64,1.35,0.571,4.9,3.28,7.22,7.71,85.1,21.7,1.26,1.59,7.2,25.5,91.0,92.2,75.2,55.73,High
GMHCI-0778,2018,Saudi Arabia,Asia,High,17.6,17.38,2.31,0.915,6.23,3.27,10.14,13.1,42.0,82.4,17.46,4.21,11.0,13.2,80.7,53.9,22.4,68.23,High
GMHCI-0779,2017,Italy,Europe,High,9.4,14.96,0.72,0.268,8.13,2.15,3.46,8.17,40.7,86.0,20.58,9.56,6.7,18.6,63.0,46.2,11.2,45.91,Moderate
GMHCI-0780,2016,Indonesia,Asia,Lower-Middle,11.23,10.93,1.81,0.43,8.96,0.57,4.38,9.02,83.3,37.4,1.34,2.41,7.1,11.4,85.7,91.1,54.6,59.0,High
GMHCI-0781,2023,South Korea,Asia,High,16.24,19.57,0.88,0.958,3.45,2.29,4.79,7.49,49.7,81.6,18.99,4.29,6.3,25.2,95.1,54.2,21.5,61.58,High
GMHCI-0782,2021,Ukraine,Europe,Lower-Middle,9.5,7.29,0.97,0.841,4.39,3.81,11.45,4.67,79.3,20.8,1.73,0.95,4.2,13.5,66.3,29.1,78.1,50.16,High
GMHCI-0783,2018,Argentina,South America,Upper-Middle,13.6,15.51,2.14,0.692,4.48,2.77,8.66,6.5,71.3,46.1,8.25,2.42,3.2,22.0,36.8,72.1,45.7,59.78,High
GMHCI-0784,2022,Australia,Oceania,High,13.65,14.18,3.2,0.714,8.35,2.99,2.9,12.25,27.4,82.9,20.79,8.91,8.9,23.4,42.8,80.7,7.6,54.2,High
GMHCI-0785,2020,Poland,Europe,Upper-Middle,12.66,13.91,3.29,0.978,8.02,1.14,11.75,11.89,68.3,60.1,9.01,5.24,8.8,21.5,37.3,89.8,32.6,62.09,High
GMHCI-0786,2024,Egypt,Africa,Lower-Middle,8.87,11.34,0.66,0.364,6.94,3.96,3.07,10.85,81.9,32.2,1.72,0.52,8.8,17.7,71.9,53.4,59.5,59.16,High
GMHCI-0787,2022,India,Asia,Lower-Middle,11.64,9.54,1.94,0.245,7.18,1.11,7.97,9.58,79.7,24.7,0.46,1.82,3.7,24.9,52.7,44.8,84.9,63.08,High
GMHCI-0788,2024,Germany,Europe,High,17.65,21.55,1.19,0.453,3.96,1.41,11.14,14.5,27.3,95.7,9.95,11.89,4.3,12.0,57.7,70.0,0.0,68.42,High
GMHCI-0789,2017,United States,North America,High,17.79,18.33,1.99,0.285,6.0,2.16,11.35,12.05,31.0,92.6,15.19,6.81,3.7,24.8,29.6,36.2,5.4,63.66,High
GMHCI-0790,2015,New Zealand,Oceania,High,8.11,11.06,3.15,0.453,3.64,2.28,7.38,4.49,48.6,87.7,14.49,9.53,4.9,12.8,49.3,82.7,19.9,37.98,Moderate
GMHCI-0791,2018,Argentina,South America,Upper-Middle,12.07,17.27,0.7,0.852,7.75,3.14,8.7,7.03,58.5,49.2,6.32,5.34,10.1,16.5,87.1,79.9,57.0,59.73,High
GMHCI-0792,2023,Bangladesh,Asia,Lower-Middle,11.33,11.98,1.83,0.942,6.97,3.38,6.61,11.94,76.9,20.9,0.89,0.7,6.7,7.3,78.6,30.6,83.9,67.57,High
GMHCI-0793,2023,Turkey,Asia,Upper-Middle,7.7,13.57,2.65,1.156,1.08,2.87,8.84,16.33,74.9,65.9,5.1,3.43,10.0,16.2,84.2,53.8,25.8,61.05,High
GMHCI-0794,2024,Sweden,Europe,High,13.64,10.27,3.35,1.159,1.38,3.56,4.68,13.36,36.7,87.1,22.36,8.14,6.3,11.1,78.8,31.0,17.9,55.14,High
GMHCI-0795,2022,Philippines,Asia,Lower-Middle,11.74,10.46,2.67,0.787,7.17,1.7,6.39,11.51,77.1,35.0,1.01,0.85,5.5,9.1,66.1,57.6,74.1,64.72,High
GMHCI-0796,2018,Poland,Europe,Upper-Middle,8.21,11.32,2.21,0.723,8.49,1.7,6.36,10.38,51.8,67.6,5.2,5.51,8.5,25.4,71.8,52.4,42.0,50.34,High
GMHCI-0797,2024,Ethiopia,Africa,Low,4.22,8.73,1.07,0.47,1.06,1.74,5.03,4.51,88.7,17.0,0.24,0.84,5.3,24.1,70.4,66.3,88.4,46.9,Moderate
GMHCI-0798,2019,Pakistan,Asia,Lower-Middle,5.56,6.95,0.83,0.913,1.02,2.07,4.38,4.24,77.3,35.5,1.75,1.53,7.6,17.7,91.6,25.5,73.6,42.8,Moderate
GMHCI-0799,2016,Turkey,Asia,Upper-Middle,6.54,10.61,3.02,0.613,7.92,2.35,11.25,10.72,50.4,71.3,4.42,2.23,3.2,27.7,88.0,54.9,37.6,46.97,Moderate
GMHCI-0800,2024,United States,North America,High,9.25,10.54,3.42,1.186,6.39,1.12,11.11,4.5,29.2,90.6,17.4,5.75,6.9,10.8,51.6,44.7,11.9,34.93,Moderate
GMHCI-0801,2020,Brazil,South America,Upper-Middle,12.24,13.43,2.11,0.518,8.46,1.77,3.32,17.98,53.4,72.8,6.62,4.58,3.7,25.6,59.1,69.5,21.7,65.61,High
GMHCI-0802,2019,Vietnam,Asia,Lower-Middle,6.52,7.34,2.2,0.728,3.13,3.08,9.99,8.79,83.3,20.9,0.84,0.55,10.5,22.4,66.9,84.4,88.6,53.98,High
GMHCI-0803,2019,Russia,Europe,Upper-Middle,10.37,13.44,2.66,1.091,7.28,2.8,1.64,5.46,68.6,73.0,8.82,5.22,5.6,7.5,77.2,39.9,21.3,47.9,Moderate
GMHCI-0804,2016,Japan,Asia,High,10.99,18.25,2.78,0.215,8.85,1.32,4.65,12.52,43.8,92.4,19.54,8.93,10.6,25.7,32.4,65.2,10.1,57.46,High
GMHCI-0805,2024,France,Europe,High,11.21,19.99,2.8,0.63,1.79,0.6,11.01,9.26,46.4,89.6,16.61,4.66,5.2,10.6,95.9,80.3,11.9,55.49,High
GMHCI-0806,2016,Brazil,South America,Upper-Middle,13.24,9.79,0.84,0.431,8.78,2.71,7.08,16.76,50.6,65.2,9.35,4.61,9.8,18.6,42.1,64.7,39.4,64.22,High
GMHCI-0807,2024,South Korea,Asia,High,9.17,19.86,1.17,0.32,2.82,0.85,6.48,6.54,44.0,77.6,24.91,10.52,3.6,2.1,91.6,64.1,21.8,49.88,Moderate
GMHCI-0808,2024,Pakistan,Asia,Lower-Middle,5.85,10.18,0.63,0.516,6.61,1.41,4.02,8.02,73.3,40.0,0.86,0.62,7.7,16.0,46.3,48.6,52.0,47.54,Moderate
GMHCI-0809,2017,Netherlands,Europe,High,13.78,15.85,1.29,0.553,7.37,1.84,11.82,13.57,43.4,89.1,9.99,8.64,7.1,4.3,32.9,37.0,6.3,59.98,High
GMHCI-0810,2021,Norway,Europe,High,16.0,22.0,2.55,0.677,5.67,3.39,6.8,13.49,54.0,71.5,10.27,11.05,10.4,9.7,27.0,37.6,30.5,73.8,High
GMHCI-0811,2018,Poland,Europe,Upper-Middle,8.67,11.34,1.02,0.477,7.11,1.63,6.05,6.61,62.3,62.1,7.29,2.74,9.3,2.6,84.1,71.1,43.2,47.55,Moderate
GMHCI-0812,2024,Brazil,South America,Upper-Middle,14.46,13.07,3.26,0.816,6.83,1.56,12.0,9.38,62.5,72.3,5.2,3.71,10.2,10.8,84.7,82.5,24.1,58.17,High
GMHCI-0813,2015,Mexico,North America,Upper-Middle,8.8,13.43,1.08,0.499,2.3,0.8,5.33,8.11,58.1,69.0,5.65,5.27,8.6,14.5,69.0,69.7,25.9,48.47,Moderate
GMHCI-0814,2015,South Korea,Asia,High,17.48,15.6,0.96,0.265,1.46,1.99,10.52,8.08,39.0,86.5,10.63,7.67,7.5,12.9,74.8,53.0,19.0,58.5,High
GMHCI-0815,2022,Iran,Asia,Upper-Middle,8.94,15.93,2.33,0.858,4.18,3.11,5.54,9.95,57.7,69.7,8.78,3.45,7.2,21.5,89.5,26.7,33.7,54.6,High
GMHCI-0816,2020,Ukraine,Europe,Lower-Middle,7.85,7.82,0.62,0.492,7.74,1.79,2.73,11.74,83.4,25.6,1.52,0.57,10.9,3.7,86.1,57.1,72.1,57.9,High
GMHCI-0817,2023,Netherlands,Europe,High,13.94,18.14,3.48,1.19,6.01,2.99,5.92,13.82,28.4,89.6,22.37,9.52,4.5,3.2,49.5,65.5,16.0,61.79,High
GMHCI-0818,2021,Norway,Europe,High,13.14,21.71,2.06,1.03,5.23,0.61,3.19,8.2,47.0,76.5,12.26,4.61,5.0,19.5,43.6,44.7,24.9,60.3,High
GMHCI-0819,2024,Russia,Europe,Upper-Middle,10.91,8.33,1.57,0.716,4.85,2.65,7.17,16.86,54.4,65.0,9.72,5.8,4.5,24.5,67.9,78.4,37.1,60.03,High
GMHCI-0820,2018,India,Asia,Lower-Middle,9.6,7.26,1.94,1.139,8.14,2.82,10.43,4.14,72.5,22.4,1.4,1.43,10.5,9.0,55.1,44.8,83.2,49.26,Moderate
GMHCI-0821,2020,United Kingdom,Europe,High,13.08,20.1,1.83,0.499,8.21,3.93,3.41,15.05,26.5,89.7,20.15,7.61,9.0,11.0,42.8,26.5,13.6,63.44,High
GMHCI-0822,2015,Brazil,South America,Upper-Middle,11.24,16.63,0.87,0.606,3.8,3.08,3.26,15.02,51.9,71.7,2.43,4.98,5.1,7.1,69.0,54.8,26.0,63.43,High
GMHCI-0823,2016,Colombia,South America,Upper-Middle,7.76,9.01,0.98,1.147,7.35,3.67,6.14,12.82,59.6,64.1,4.42,5.66,10.2,4.8,38.6,63.7,42.4,52.26,High
GMHCI-0824,2024,New Zealand,Oceania,High,12.85,21.54,0.98,0.323,5.2,2.5,2.36,10.72,49.8,85.3,9.52,8.63,4.8,25.9,39.3,27.6,21.1,63.11,High
GMHCI-0825,2021,Brazil,South America,Upper-Middle,7.65,12.52,3.18,0.889,1.77,2.64,3.21,5.64,57.2,58.8,2.98,5.97,5.3,4.6,60.1,70.2,50.0,46.1,Moderate
GMHCI-0826,2018,Poland,Europe,Upper-Middle,9.21,12.61,3.26,0.496,4.84,3.37,10.32,11.66,72.8,64.0,6.85,3.07,9.2,14.4,77.0,64.1,27.4,55.7,High
GMHCI-0827,2024,Egypt,Africa,Lower-Middle,8.94,6.73,2.52,1.194,4.06,1.37,11.04,6.31,85.5,39.2,1.96,1.66,10.9,8.3,84.6,59.1,57.0,48.94,Moderate
GMHCI-0828,2024,Colombia,South America,Upper-Middle,11.71,9.06,2.26,0.29,2.83,1.84,6.61,12.51,67.0,46.5,5.1,4.39,3.3,9.5,68.1,74.8,49.3,59.53,High
GMHCI-0829,2020,Russia,Europe,Upper-Middle,10.12,11.99,2.7,0.999,4.86,0.53,3.98,5.15,59.6,73.5,2.65,3.0,8.8,22.4,62.9,20.5,34.9,46.47,Moderate
GMHCI-0830,2024,Turkey,Asia,Upper-Middle,14.84,11.06,0.95,1.033,8.63,0.87,3.58,6.83,65.6,49.2,6.86,2.78,8.9,2.7,58.3,57.3,41.5,56.42,High
GMHCI-0831,2017,Thailand,Asia,Upper-Middle,13.26,10.12,3.43,1.009,6.46,2.97,4.53,9.83,70.7,53.0,8.79,2.73,5.4,7.2,64.6,46.4,42.4,58.45,High
GMHCI-0832,2021,Ukraine,Europe,Lower-Middle,8.05,8.45,0.68,0.596,8.27,1.32,8.87,7.79,78.7,42.7,1.41,1.06,5.3,14.1,46.1,59.0,56.8,50.25,High
GMHCI-0833,2022,Netherlands,Europe,High,15.77,21.97,1.0,0.818,5.22,2.69,10.77,13.71,45.9,80.1,8.74,7.54,5.2,3.8,97.0,24.4,13.8,70.01,High
GMHCI-0834,2021,Japan,Asia,High,9.34,19.71,3.38,0.786,1.91,4.0,4.28,15.19,38.9,95.1,10.23,7.24,3.1,7.5,25.2,29.2,0.0,57.94,High
GMHCI-0835,2019,Saudi Arabia,Asia,High,11.64,14.78,2.07,1.191,7.8,2.57,5.2,12.26,37.6,85.2,21.54,5.31,10.9,16.0,93.9,49.2,23.1,55.85,High
GMHCI-0836,2022,Bangladesh,Asia,Lower-Middle,8.76,6.12,2.1,0.2,5.34,0.96,4.7,6.37,87.5,34.4,0.19,0.73,9.8,18.9,82.8,64.0,68.3,50.22,High
GMHCI-0837,2024,New Zealand,Oceania,High,13.43,17.57,2.63,0.256,7.74,2.59,5.56,11.23,27.3,75.0,12.27,6.34,5.2,25.9,84.1,92.7,34.8,59.62,High
GMHCI-0838,2018,South Africa,Africa,Upper-Middle,8.14,10.0,0.9,0.959,7.05,1.69,8.3,12.57,54.5,62.8,9.29,3.4,8.9,21.8,93.9,90.3,28.7,50.5,High
GMHCI-0839,2023,Ethiopia,Africa,Low,3.84,4.07,2.64,1.031,3.61,3.78,1.68,7.34,93.1,13.2,0.03,0.57,4.0,21.4,87.9,74.0,87.0,46.53,Moderate
GMHCI-0840,2020,France,Europe,High,10.25,13.48,2.16,1.179,4.97,1.44,4.65,14.68,34.8,72.8,15.0,9.07,4.1,16.8,88.4,71.2,25.1,55.97,High
GMHCI-0841,2024,Sweden,Europe,High,14.8,19.52,1.4,0.871,5.8,2.68,11.17,7.57,39.0,93.9,12.51,5.77,9.7,21.9,26.3,45.3,0.0,54.78,High
GMHCI-0842,2021,Ghana,Africa,Lower-Middle,8.99,13.88,1.59,0.54,5.29,2.48,1.86,4.67,84.4,24.6,0.13,0.54,7.8,17.9,94.4,26.1,78.2,56.24,High
GMHCI-0843,2022,Ukraine,Europe,Lower-Middle,7.94,10.7,1.52,1.187,2.77,3.51,11.43,7.82,85.2,38.3,0.24,1.72,10.9,15.4,79.2,76.5,65.0,54.41,High
GMHCI-0844,2019,South Africa,Africa,Upper-Middle,14.78,17.52,2.54,0.409,4.17,2.71,4.81,10.32,52.0,50.4,5.1,3.62,7.2,15.3,66.1,58.4,58.5,67.52,High
GMHCI-0845,2019,Japan,Asia,High,10.02,13.71,1.54,0.92,4.36,3.96,8.37,8.84,51.2,96.3,21.88,7.97,10.7,26.4,79.3,68.9,7.6,47.63,Moderate
GMHCI-0846,2018,Bangladesh,Asia,Lower-Middle,6.09,10.29,1.28,0.36,6.67,3.74,4.76,11.78,78.8,45.6,0.11,1.33,8.3,16.1,50.1,44.0,64.1,55.85,High
GMHCI-0847,2017,Ukraine,Europe,Lower-Middle,11.16,11.88,2.0,1.17,5.49,2.77,8.56,11.69,70.1,20.8,1.02,2.25,3.8,2.5,83.3,26.5,79.5,65.19,High
GMHCI-0848,2016,China,Asia,Upper-Middle,8.84,10.9,1.07,1.058,8.34,1.32,7.36,5.14,71.3,63.4,8.44,3.33,5.8,23.4,73.0,58.8,29.2,44.62,Moderate
GMHCI-0849,2015,Japan,Asia,High,14.99,14.29,1.83,1.099,3.8,0.81,4.73,7.66,42.9,94.8,20.81,11.34,8.6,6.7,72.7,79.0,5.7,51.87,High
GMHCI-0850,2021,China,Asia,Upper-Middle,8.69,16.53,1.01,0.555,7.65,0.92,6.54,6.91,74.7,59.6,4.83,4.41,6.8,24.8,73.9,48.1,31.6,52.87,High
GMHCI-0851,2018,Australia,Oceania,High,13.1,20.69,1.12,1.146,6.12,1.21,3.9,14.4,41.8,83.4,18.68,8.72,8.2,9.4,68.1,58.7,8.8,64.72,High
GMHCI-0852,2016,Turkey,Asia,Upper-Middle,6.4,12.85,3.02,0.96,8.25,3.13,11.86,11.84,72.0,65.5,9.36,3.99,9.1,27.6,69.3,34.1,32.4,52.9,High
GMHCI-0853,2017,Vietnam,Asia,Lower-Middle,5.59,11.25,2.28,0.237,3.3,3.19,3.71,4.54,87.3,40.9,0.42,1.35,8.2,21.1,53.2,41.7,56.4,46.12,Moderate
GMHCI-0854,2016,Vietnam,Asia,Lower-Middle,8.15,11.72,1.97,0.996,7.78,1.18,8.65,5.61,85.5,21.9,1.55,1.98,8.6,23.8,41.3,44.3,84.2,55.48,High
GMHCI-0855,2024,Saudi Arabia,Asia,High,11.96,12.08,1.91,0.709,6.46,2.48,8.07,13.7,50.0,70.4,18.36,9.06,4.2,9.7,84.2,26.4,32.0,59.07,High
GMHCI-0856,2018,Saudi Arabia,Asia,High,9.24,14.09,2.18,0.856,7.4,2.13,1.81,11.8,27.3,86.4,14.4,10.27,10.0,2.7,81.7,81.0,11.8,47.98,Moderate
GMHCI-0857,2015,Brazil,South America,Upper-Middle,11.26,11.06,1.06,0.749,8.77,3.85,11.15,9.77,62.7,51.6,8.54,3.09,3.7,8.1,82.2,29.1,52.9,56.79,High
GMHCI-0858,2022,Ghana,Africa,Lower-Middle,7.77,6.74,3.04,1.119,4.01,3.14,3.15,9.37,85.4,47.1,1.99,1.54,4.7,8.7,58.7,35.3,49.9,50.49,High
GMHCI-0859,2023,Australia,Oceania,High,9.16,15.26,0.97,0.942,5.56,0.65,3.63,11.19,44.5,75.4,20.66,10.28,9.3,3.0,35.3,62.4,22.6,52.34,High
GMHCI-0860,2018,New Zealand,Oceania,High,12.7,17.06,0.78,0.54,1.52,1.86,2.6,11.3,42.5,92.2,18.75,8.66,10.9,17.9,32.6,22.0,10.7,56.95,High
GMHCI-0861,2016,Mexico,North America,Upper-Middle,8.33,12.76,1.23,1.048,3.83,1.16,7.17,11.98,66.0,57.4,5.79,5.43,10.4,8.4,33.5,53.2,41.6,56.15,High
GMHCI-0862,2020,Brazil,South America,Upper-Middle,14.64,12.83,1.01,0.637,4.47,2.45,4.55,13.04,67.9,54.0,9.72,3.94,4.5,14.7,41.3,78.3,49.5,67.93,High
GMHCI-0863,2023,Ethiopia,Africa,Low,5.72,7.89,1.05,0.638,6.46,2.51,10.02,5.99,94.1,14.3,0.04,0.39,9.3,13.6,79.0,42.4,78.5,49.61,Moderate
GMHCI-0864,2024,Norway,Europe,High,10.08,11.48,1.29,1.032,8.33,1.24,10.17,13.75,29.6,92.2,9.74,11.83,5.7,26.9,33.9,68.1,13.1,50.03,High
GMHCI-0865,2018,Japan,Asia,High,12.36,20.91,1.67,0.715,5.21,1.17,9.63,12.76,26.0,80.6,23.05,10.64,7.6,25.2,58.6,81.1,22.7,61.28,High
GMHCI-0866,2020,Ukraine,Europe,Lower-Middle,6.21,13.32,1.7,1.162,6.67,2.34,8.51,3.34,87.0,23.2,1.54,0.78,8.8,6.5,91.3,56.7,82.5,51.06,High
GMHCI-0867,2021,Australia,Oceania,High,10.35,16.75,1.94,1.0,2.44,3.89,6.74,15.01,49.5,94.5,19.11,8.23,10.2,7.3,58.2,75.5,0.8,58.15,High
GMHCI-0868,2016,Germany,Europe,High,16.13,20.84,2.88,0.519,4.25,2.83,7.32,9.34,37.3,78.7,18.92,11.6,10.9,15.4,48.7,68.0,22.3,63.37,High
GMHCI-0869,2022,Germany,Europe,High,8.52,19.45,0.83,0.762,5.19,1.68,11.94,12.21,46.6,72.2,10.03,8.13,9.5,17.3,89.5,67.0,25.3,57.4,High
GMHCI-0870,2018,Poland,Europe,Upper-Middle,14.0,16.58,2.42,0.453,6.89,2.33,5.19,10.63,72.8,71.9,5.54,2.64,4.9,17.6,49.0,93.9,21.4,63.63,High
GMHCI-0871,2018,Ghana,Africa,Lower-Middle,5.74,9.44,0.58,1.176,5.69,3.9,2.1,8.57,85.7,48.4,1.42,2.13,3.4,5.1,57.9,93.6,49.2,48.95,Moderate
GMHCI-0872,2017,United States,North America,High,15.96,14.0,2.38,0.675,5.7,2.03,4.46,9.58,41.0,82.7,8.69,6.54,7.2,25.7,69.3,33.5,10.7,56.08,High
GMHCI-0873,2023,Ghana,Africa,Lower-Middle,5.39,8.42,0.68,1.171,7.95,2.29,7.5,8.48,87.1,30.0,0.97,1.47,3.1,27.3,42.4,20.3,79.8,52.22,High
GMHCI-0874,2018,Kenya,Africa,Lower-Middle,6.26,12.99,2.81,0.223,2.03,2.84,4.1,7.62,74.8,21.9,1.61,1.95,7.8,16.0,40.2,44.1,85.8,55.41,High
GMHCI-0875,2017,Bangladesh,Asia,Lower-Middle,7.99,9.48,2.79,0.441,5.56,2.24,7.76,11.16,74.3,31.5,1.19,2.45,5.1,11.4,32.2,59.3,62.4,55.95,High
GMHCI-0876,2017,China,Asia,Upper-Middle,14.61,15.54,1.12,0.987,1.48,1.13,10.3,15.56,56.8,73.8,9.89,2.93,5.4,20.5,66.5,46.5,21.2,67.9,High
GMHCI-0877,2020,Canada,North America,High,11.88,15.32,2.41,0.93,3.42,2.04,7.22,7.44,38.7,85.2,9.99,8.26,10.5,23.5,33.4,61.9,6.0,47.58,Moderate
GMHCI-0878,2019,Pakistan,Asia,Lower-Middle,10.26,6.51,0.65,0.236,4.71,1.55,2.77,8.33,73.4,32.2,0.92,0.58,9.7,26.3,31.7,54.7,57.9,51.66,High
GMHCI-0879,2016,Germany,Europe,High,8.07,21.8,2.56,1.162,2.1,1.5,5.63,8.78,49.0,80.6,14.25,4.09,8.7,18.7,72.0,47.8,25.6,54.56,High
GMHCI-0880,2023,Netherlands,Europe,High,8.41,17.72,2.9,0.644,8.41,1.59,6.96,6.92,45.1,81.6,21.26,5.09,10.9,8.0,63.7,68.1,22.0,47.6,Moderate
GMHCI-0881,2019,Indonesia,Asia,Lower-Middle,11.92,6.8,2.46,1.088,1.77,1.86,10.82,9.05,85.8,41.0,0.51,1.14,6.4,22.2,36.8,27.5,67.0,58.49,High
GMHCI-0882,2018,Vietnam,Asia,Lower-Middle,7.9,12.02,1.31,0.721,1.94,1.24,11.98,11.1,85.1,35.2,0.33,0.63,3.1,26.7,82.1,63.0,62.7,59.75,High
GMHCI-0883,2019,South Korea,Asia,High,8.96,15.09,1.67,0.379,3.65,3.32,2.2,5.96,27.5,84.3,9.8,6.84,10.8,7.2,58.9,66.2,11.4,40.36,Moderate
GMHCI-0884,2019,Philippines,Asia,Lower-Middle,9.62,12.27,2.47,1.169,2.23,3.2,7.76,7.38,72.4,22.3,0.62,2.44,5.2,16.8,52.1,65.3,68.2,56.08,High
GMHCI-0885,2016,Egypt,Africa,Lower-Middle,7.69,9.56,1.25,0.238,1.59,3.81,8.85,9.31,86.4,35.0,0.62,2.2,5.8,12.3,70.2,65.1,69.7,55.98,High
GMHCI-0886,2021,Tanzania,Africa,Low,3.9,5.35,2.41,0.751,1.91,2.59,1.54,5.37,93.9,13.6,0.46,0.63,8.7,9.3,47.7,85.0,96.3,46.56,Moderate
GMHCI-0887,2020,United Kingdom,Europe,High,16.22,13.37,2.5,1.176,2.49,2.78,10.26,14.39,26.3,72.4,20.91,10.17,8.6,26.9,80.9,20.8,25.4,62.5,High
GMHCI-0888,2022,United States,North America,High,12.14,16.13,0.58,1.135,5.01,0.84,7.0,7.75,36.7,96.6,9.47,4.54,8.7,24.8,56.3,71.2,0.0,47.91,Moderate
GMHCI-0889,2016,Ghana,Africa,Lower-Middle,5.34,8.54,2.31,1.01,4.08,3.88,5.46,4.88,86.6,21.1,1.73,2.33,4.1,21.3,66.9,40.2,86.6,48.2,Moderate
GMHCI-0890,2017,Bangladesh,Asia,Lower-Middle,11.82,9.47,1.86,0.623,6.8,0.68,8.21,10.97,71.0,32.3,1.77,1.34,5.1,24.5,72.9,79.6,65.1,60.89,High
GMHCI-0891,2021,Poland,Europe,Upper-Middle,12.53,10.72,2.84,0.202,2.62,2.07,9.29,15.16,74.7,64.6,9.98,4.66,8.8,21.1,36.4,78.5,40.8,65.76,High
GMHCI-0892,2020,Saudi Arabia,Asia,High,11.18,12.37,2.86,0.705,8.48,0.86,6.41,5.38,43.4,83.5,11.24,6.34,10.5,15.1,63.7,58.1,19.3,43.78,Moderate
GMHCI-0893,2021,Argentina,South America,Upper-Middle,6.31,10.31,0.68,0.226,4.72,3.9,8.0,15.55,69.1,66.2,9.34,2.06,10.1,5.7,84.1,36.4,37.6,55.95,High
GMHCI-0894,2022,Poland,Europe,Upper-Middle,13.58,16.22,2.94,0.211,5.7,3.72,5.4,12.6,61.6,58.3,5.58,5.27,4.4,9.4,38.0,32.4,37.4,66.15,High
GMHCI-0895,2021,Nigeria,Africa,Lower-Middle,10.94,10.49,1.38,0.733,8.92,3.29,9.54,7.72,82.0,45.9,1.46,0.75,7.2,26.7,65.6,70.5,45.3,54.8,High
GMHCI-0896,2022,South Korea,Asia,High,15.78,21.68,2.51,1.112,1.95,2.42,6.34,15.67,36.6,70.3,14.13,10.65,6.9,11.8,92.6,35.6,26.2,72.92,High
GMHCI-0897,2018,Iran,Asia,Upper-Middle,14.82,8.76,2.39,0.688,6.88,2.31,9.58,15.16,63.2,50.8,6.53,5.32,4.1,18.0,96.5,23.3,48.3,66.52,High
GMHCI-0898,2022,Australia,Oceania,High,16.57,15.63,2.65,1.111,8.8,3.46,8.86,11.49,27.7,92.0,17.37,11.61,3.0,27.9,51.5,46.5,17.0,59.97,High
GMHCI-0899,2016,Ukraine,Europe,Lower-Middle,11.04,12.86,0.52,0.739,4.07,1.06,11.35,6.43,87.8,27.1,1.62,2.17,3.1,6.8,84.0,56.1,78.7,61.2,High
GMHCI-0900,2024,Germany,Europe,High,13.8,14.35,0.57,0.206,5.16,1.66,5.31,15.14,51.8,88.5,8.59,8.85,3.3,15.3,26.4,88.8,12.1,62.98,High
GMHCI-0901,2022,Italy,Europe,High,15.02,20.86,1.86,0.968,6.72,3.95,10.85,13.17,25.2,94.4,24.01,10.95,10.2,24.2,46.6,28.2,0.0,61.97,High
GMHCI-0902,2017,China,Asia,Upper-Middle,13.76,16.27,2.6,0.858,5.61,1.01,10.41,14.15,57.6,55.9,7.85,2.98,5.0,2.2,93.8,61.4,52.0,70.17,High
GMHCI-0903,2023,Turkey,Asia,Upper-Middle,6.21,15.26,2.97,0.343,1.22,1.38,7.0,13.82,62.8,47.0,7.7,3.43,7.9,13.2,90.4,54.9,45.5,58.13,High
GMHCI-0904,2016,Philippines,Asia,Lower-Middle,11.52,7.32,1.09,1.161,3.48,2.03,8.07,8.55,71.1,22.4,1.18,1.02,6.3,26.9,59.1,26.0,77.7,57.07,High
GMHCI-0905,2024,United States,North America,High,11.99,21.74,2.79,0.249,8.25,2.02,6.46,6.18,47.8,96.5,21.2,8.89,6.7,26.6,55.5,25.4,0.0,52.32,High
GMHCI-0906,2015,Japan,Asia,High,17.99,17.05,2.82,1.155,3.61,2.68,7.86,12.07,32.6,92.5,17.34,9.38,3.7,4.1,56.0,63.2,7.0,63.29,High
GMHCI-0907,2016,United States,North America,High,12.3,21.63,3.08,0.53,2.61,2.89,6.82,5.04,46.0,85.6,15.7,5.5,10.2,7.3,37.8,60.7,12.8,52.71,High
GMHCI-0908,2015,Australia,Oceania,High,11.13,20.24,0.68,0.758,5.33,2.74,7.39,11.08,37.4,78.9,23.71,5.75,3.1,23.7,75.2,57.1,18.5,57.75,High
GMHCI-0909,2021,Brazil,South America,Upper-Middle,10.08,10.21,1.58,0.235,8.9,2.23,5.9,10.46,56.7,47.7,3.56,2.35,9.3,25.9,94.0,73.6,60.0,55.49,High
GMHCI-0910,2019,Philippines,Asia,Lower-Middle,9.21,11.21,1.4,0.433,1.59,1.59,4.89,3.62,77.8,24.8,1.81,2.0,8.7,25.6,56.3,27.2,84.0,52.52,High
GMHCI-0911,2020,New Zealand,Oceania,High,17.91,21.54,2.52,1.048,8.2,3.25,9.2,15.13,28.9,95.0,20.42,6.65,10.0,27.8,34.4,85.4,8.7,71.2,High
GMHCI-0912,2016,Philippines,Asia,Lower-Middle,4.17,5.69,0.99,1.105,2.68,2.25,7.47,11.69,72.3,42.9,1.37,2.07,3.9,18.0,69.6,83.5,48.3,45.51,Moderate
GMHCI-0913,2017,Egypt,Africa,Lower-Middle,7.47,13.53,1.42,0.612,3.73,2.77,2.19,7.27,76.4,27.9,1.66,0.99,7.8,22.9,74.6,64.8,72.2,55.3,High
GMHCI-0914,2016,Turkey,Asia,Upper-Middle,8.26,14.53,2.93,0.343,4.28,3.12,1.76,8.58,56.5,45.8,8.35,4.74,4.8,7.9,54.6,68.2,59.0,54.1,High
GMHCI-0915,2022,Iran,Asia,Upper-Middle,6.12,13.53,0.54,0.232,2.96,2.68,8.29,13.24,59.4,53.7,2.41,3.89,6.0,9.5,62.5,89.1,54.6,56.47,High
GMHCI-0916,2017,Sweden,Europe,High,15.91,18.79,1.18,0.279,7.36,3.12,7.81,8.09,36.9,71.2,23.61,6.26,5.5,25.2,56.1,28.2,26.2,59.99,High
GMHCI-0917,2022,Brazil,South America,Upper-Middle,6.65,10.12,0.9,0.825,6.5,2.11,2.21,12.76,54.6,53.8,3.03,2.82,6.2,4.2,59.1,74.1,41.4,50.73,High
GMHCI-0918,2019,United States,North America,High,15.12,14.4,1.49,0.603,2.38,0.65,6.99,6.63,53.4,79.1,22.19,5.02,4.4,10.4,58.7,82.2,29.6,55.91,High
GMHCI-0919,2016,Mexico,North America,Upper-Middle,14.82,12.35,1.08,0.289,7.0,2.16,9.02,10.82,57.6,56.6,3.43,4.81,10.0,14.1,39.0,64.6,34.6,60.84,High
GMHCI-0920,2021,Brazil,South America,Upper-Middle,13.7,8.28,2.63,0.809,8.29,3.99,9.48,12.34,54.1,60.6,2.49,2.06,4.9,9.1,86.7,47.6,35.4,57.28,High
GMHCI-0921,2015,Poland,Europe,Upper-Middle,14.11,9.91,1.88,0.846,3.51,3.67,6.82,16.05,62.3,69.2,6.65,5.36,10.5,20.5,98.0,87.3,38.1,66.15,High
GMHCI-0922,2024,Vietnam,Asia,Lower-Middle,6.93,9.78,2.33,0.655,8.36,3.22,8.59,9.58,77.0,46.9,0.63,1.35,4.9,19.7,67.4,64.3,55.4,51.92,High
GMHCI-0923,2020,Argentina,South America,Upper-Middle,14.9,11.37,2.57,1.039,2.59,1.41,3.97,10.23,61.6,59.1,7.98,2.98,9.5,10.0,88.7,40.7,46.7,61.67,High
GMHCI-0924,2018,Sweden,Europe,High,17.17,15.78,1.9,0.964,8.58,3.81,4.24,14.55,28.7,72.4,18.96,10.52,3.9,18.9,25.3,36.6,32.3,67.64,High
GMHCI-0925,2023,Bangladesh,Asia,Lower-Middle,4.27,10.95,1.24,1.005,8.84,1.26,11.91,5.72,79.1,46.8,1.2,2.13,4.5,21.1,58.2,55.7,48.0,43.14,Moderate
GMHCI-0926,2024,India,Asia,Lower-Middle,9.15,6.43,0.71,0.342,7.82,3.8,3.77,10.98,86.6,39.3,1.79,0.56,4.7,26.8,45.8,71.0,54.2,55.19,High
GMHCI-0927,2023,Germany,Europe,High,15.8,20.5,0.83,1.158,1.59,2.5,5.26,4.83,40.8,97.0,13.56,5.97,3.3,22.9,45.8,70.2,5.3,54.33,High
GMHCI-0928,2015,Ukraine,Europe,Lower-Middle,10.73,13.99,1.59,0.849,3.3,2.88,6.29,4.68,82.7,38.6,0.94,1.59,5.1,12.4,57.5,69.1,56.8,55.3,High
GMHCI-0929,2020,Brazil,South America,Upper-Middle,7.57,15.93,0.83,0.654,5.38,2.5,11.7,12.84,67.7,70.0,8.8,2.91,5.4,21.6,32.0,74.4,33.0,58.14,High
GMHCI-0930,2020,France,Europe,High,9.18,18.92,0.98,0.45,3.3,3.83,7.03,8.63,32.6,73.7,10.24,7.34,10.2,14.7,89.2,33.3,32.7,51.83,High
GMHCI-0931,2015,New Zealand,Oceania,High,13.13,12.23,2.27,0.655,2.84,1.65,4.12,15.51,49.7,76.0,16.88,8.97,8.2,16.3,53.5,63.0,19.6,61.44,High
GMHCI-0932,2022,Turkey,Asia,Upper-Middle,11.0,12.61,0.78,0.37,3.93,3.96,2.73,14.58,65.2,46.9,2.88,2.71,10.6,26.7,88.4,75.8,59.9,65.96,High
GMHCI-0933,2023,Australia,Oceania,High,16.12,17.0,3.43,0.394,2.13,1.4,7.73,14.42,42.3,96.3,12.23,10.13,7.0,8.2,37.7,69.6,4.3,64.99,High
GMHCI-0934,2022,Poland,Europe,Upper-Middle,14.34,14.09,1.98,1.003,5.3,2.41,4.59,14.12,69.8,65.3,2.85,5.84,7.9,4.4,58.6,62.2,40.4,69.08,High
GMHCI-0935,2016,United Kingdom,Europe,High,8.34,13.64,3.2,0.723,1.2,3.62,1.63,6.94,26.8,88.1,15.94,11.2,7.2,16.7,90.5,64.6,4.6,38.41,Moderate
GMHCI-0936,2021,Brazil,South America,Upper-Middle,14.59,15.22,1.48,1.088,1.87,1.73,9.85,7.16,61.8,73.5,5.29,3.45,4.2,12.0,95.2,39.5,18.1,56.22,High
GMHCI-0937,2017,India,Asia,Lower-Middle,7.9,10.66,1.69,1.019,4.43,3.21,5.8,11.23,84.7,21.6,0.33,1.26,5.6,20.5,74.3,84.9,69.0,59.57,High
GMHCI-0938,2022,Argentina,South America,Upper-Middle,9.1,8.28,2.34,0.257,7.66,0.88,7.35,6.87,70.9,74.8,8.09,4.4,6.7,4.9,68.4,32.9,24.1,44.17,Moderate
GMHCI-0939,2018,Vietnam,Asia,Lower-Middle,7.36,5.78,2.37,1.156,7.68,3.75,8.86,10.08,87.0,30.0,1.49,1.29,4.1,26.6,35.4,39.9,60.9,51.93,High
GMHCI-0940,2020,Bangladesh,Asia,Lower-Middle,9.47,12.07,1.26,1.072,2.53,3.02,2.9,5.81,76.1,29.8,0.99,1.05,3.6,18.5,38.4,78.1,61.6,53.08,High
GMHCI-0941,2017,Canada,North America,High,12.57,11.82,2.69,1.193,7.59,1.94,9.17,9.96,27.3,96.4,13.11,6.5,6.4,15.8,78.9,51.7,11.2,47.9,Moderate
GMHCI-0942,2018,Japan,Asia,High,10.69,16.28,1.12,0.421,2.31,1.88,4.36,12.28,53.6,73.5,24.31,11.82,8.6,20.1,65.3,53.1,26.5,58.88,High
GMHCI-0943,2021,Tanzania,Africa,Low,5.1,5.3,2.0,1.037,1.45,0.78,3.65,4.63,96.7,5.8,0.04,0.92,5.0,11.8,25.5,60.3,89.8,46.6,Moderate
GMHCI-0944,2015,Brazil,South America,Upper-Middle,7.23,10.5,2.62,0.454,3.3,1.39,3.18,17.71,54.4,49.6,9.3,5.89,8.2,26.4,74.4,48.4,43.9,59.1,High
GMHCI-0945,2023,New Zealand,Oceania,High,17.75,20.25,1.22,0.225,5.37,0.57,1.62,12.55,44.6,91.6,13.62,9.06,10.3,26.4,45.2,23.5,8.2,68.55,High
GMHCI-0946,2023,Germany,Europe,High,10.85,12.4,2.75,0.556,6.4,1.85,2.78,7.95,42.6,71.4,13.22,10.55,8.7,4.4,27.0,32.9,27.7,48.06,Moderate
GMHCI-0947,2024,South Korea,Asia,High,8.65,13.76,3.2,0.932,3.1,1.98,11.36,11.72,28.8,97.6,22.27,7.73,6.4,21.5,49.7,65.0,8.6,46.5,Moderate
GMHCI-0948,2015,Australia,Oceania,High,9.71,20.09,1.17,0.675,5.1,3.22,3.0,9.21,40.5,76.0,24.93,5.78,4.4,2.3,69.1,88.7,21.1,53.91,High
GMHCI-0949,2017,Mexico,North America,Upper-Middle,10.3,15.83,2.34,0.304,4.42,0.85,11.27,12.95,53.7,59.8,5.87,2.3,8.5,20.8,67.0,20.2,31.4,59.61,High
GMHCI-0950,2019,Indonesia,Asia,Lower-Middle,10.68,5.09,1.79,1.002,3.4,2.93,3.83,4.79,78.7,46.1,1.49,2.18,10.7,17.7,42.2,26.5,59.0,47.01,Moderate
GMHCI-0951,2017,China,Asia,Upper-Middle,9.06,11.44,3.44,0.84,6.9,1.94,3.12,17.99,71.9,48.3,8.07,4.34,5.1,3.3,91.8,65.8,55.0,67.22,High
GMHCI-0952,2016,Indonesia,Asia,Lower-Middle,9.87,7.98,0.75,0.829,4.39,3.61,8.07,6.72,82.1,30.6,0.98,1.55,8.4,13.8,58.3,94.2,62.6,52.25,High
GMHCI-0953,2017,United Kingdom,Europe,High,14.8,11.01,2.12,0.382,7.03,2.11,2.83,8.65,49.4,97.6,24.33,11.6,9.7,11.5,62.9,53.9,8.0,51.34,High
GMHCI-0954,2019,Philippines,Asia,Lower-Middle,5.14,5.74,1.9,0.378,1.38,2.47,3.44,8.99,77.5,35.5,1.15,1.43,4.4,4.3,75.9,53.6,54.6,44.9,Moderate
GMHCI-0955,2023,Netherlands,Europe,High,16.58,19.3,1.53,0.517,6.23,2.81,6.32,7.71,36.4,78.8,18.11,4.46,10.7,25.2,76.4,57.0,19.3,59.75,High
GMHCI-0956,2019,Netherlands,Europe,High,16.52,15.16,0.72,1.169,3.75,2.74,11.91,9.14,47.6,70.5,16.04,4.12,5.3,2.7,29.8,57.2,21.1,59.87,High
GMHCI-0957,2023,Ethiopia,Africa,Low,5.73,5.32,3.32,0.569,3.08,0.72,11.95,6.54,85.4,6.7,0.03,0.12,7.3,25.0,48.5,35.2,85.7,47.8,Moderate
GMHCI-0958,2017,United States,North America,High,8.9,16.66,1.07,0.941,4.98,0.75,8.45,6.14,26.3,70.8,15.19,4.51,10.4,20.7,87.8,26.4,32.1,44.87,Moderate
GMHCI-0959,2017,Ghana,Africa,Lower-Middle,9.72,11.75,2.05,0.886,1.24,3.82,6.73,7.93,86.4,44.2,1.49,1.93,7.3,6.1,96.0,27.4,46.1,55.34,High
GMHCI-0960,2019,Thailand,Asia,Upper-Middle,14.33,12.13,1.27,1.187,2.56,2.89,11.4,17.96,58.3,64.6,7.83,3.38,10.8,25.3,51.2,71.9,26.4,68.76,High
GMHCI-0961,2015,South Korea,Asia,High,17.55,13.28,0.59,0.743,2.02,1.87,11.94,6.6,36.5,75.7,9.83,7.4,5.0,18.3,49.5,69.8,27.7,55.36,High
GMHCI-0962,2023,Vietnam,Asia,Lower-Middle,9.27,7.69,1.94,0.588,4.51,1.37,4.37,11.29,77.5,25.8,0.71,1.7,3.2,2.7,59.8,56.0,83.6,59.95,High
GMHCI-0963,2023,Poland,Europe,Upper-Middle,14.43,13.01,2.29,1.172,8.7,3.6,6.95,8.95,66.2,52.0,8.13,5.4,4.6,13.5,78.1,40.8,55.8,62.8,High
GMHCI-0964,2021,Philippines,Asia,Lower-Middle,7.4,8.06,3.44,0.876,7.97,0.54,11.56,4.94,83.6,27.2,1.13,1.54,4.7,17.6,32.5,87.0,68.2,47.49,Moderate
GMHCI-0965,2018,Philippines,Asia,Lower-Middle,4.5,7.29,1.61,0.33,4.28,3.19,7.75,11.83,79.1,44.9,1.19,2.45,6.4,22.0,49.0,72.2,53.9,49.5,Moderate
GMHCI-0966,2017,Germany,Europe,High,15.02,16.23,3.46,0.26,1.89,3.67,9.73,8.79,47.3,81.5,23.53,6.8,7.1,22.9,34.0,59.5,28.3,59.31,High
GMHCI-0967,2021,China,Asia,Upper-Middle,12.91,11.93,0.93,0.765,5.02,1.75,6.23,6.19,64.8,66.6,9.17,5.81,5.4,6.0,43.3,39.7,24.1,50.91,High
GMHCI-0968,2021,South Africa,Africa,Upper-Middle,12.35,12.85,1.56,1.158,2.32,0.59,3.94,6.72,66.4,67.3,6.47,2.52,8.5,22.9,42.9,86.4,34.8,53.55,High
GMHCI-0969,2024,South Africa,Africa,Upper-Middle,10.29,12.97,1.96,0.509,2.41,0.98,5.67,12.86,56.1,50.8,5.92,2.84,7.0,27.9,55.2,82.4,54.4,60.69,High
GMHCI-0970,2018,United Kingdom,Europe,High,17.23,18.84,2.35,1.168,2.74,3.15,3.85,10.89,40.8,75.5,24.58,11.2,5.9,15.0,56.6,85.6,25.0,66.18,High
GMHCI-0971,2021,Bangladesh,Asia,Lower-Middle,9.89,8.9,3.28,0.848,8.53,3.5,8.99,4.1,85.3,32.8,1.57,1.81,9.7,12.2,26.9,27.9,67.6,50.72,High
GMHCI-0972,2016,United States,North America,High,16.83,10.91,0.79,0.455,4.87,1.76,10.33,14.36,43.2,82.5,16.23,5.56,7.7,12.7,88.3,41.2,17.8,62.52,High
GMHCI-0973,2018,China,Asia,Upper-Middle,7.28,11.63,1.59,1.156,3.39,2.52,4.45,15.61,51.6,70.4,4.23,5.58,4.6,6.7,43.8,88.5,36.4,55.72,High
GMHCI-0974,2024,Russia,Europe,Upper-Middle,9.52,10.96,2.65,1.079,3.85,1.02,3.57,17.85,62.4,52.4,6.68,4.96,5.1,4.8,29.9,61.7,55.6,65.87,High
GMHCI-0975,2024,Vietnam,Asia,Lower-Middle,7.45,9.24,3.05,0.318,3.68,1.25,11.99,7.26,82.0,45.7,1.1,0.58,8.3,19.1,49.4,85.9,44.6,48.07,Moderate
GMHCI-0976,2023,Nigeria,Africa,Lower-Middle,9.24,12.24,2.76,0.768,2.22,1.08,11.24,3.22,75.3,29.3,1.22,0.7,3.3,2.4,96.5,87.8,66.6,49.95,Moderate
GMHCI-0977,2015,Thailand,Asia,Upper-Middle,6.01,14.35,0.69,0.465,1.1,2.22,10.08,15.39,52.1,60.9,9.04,5.81,5.9,15.5,87.1,87.5,35.7,56.1,High
GMHCI-0978,2023,Kenya,Africa,Lower-Middle,10.58,8.07,0.57,0.249,8.15,1.2,4.06,5.57,74.3,21.5,0.13,0.73,6.8,5.2,90.9,78.3,81.0,53.29,High
GMHCI-0979,2018,Japan,Asia,High,9.55,12.03,0.64,0.469,5.66,0.62,9.78,8.74,27.7,78.9,24.0,4.84,10.5,7.4,51.8,35.2,14.2,42.71,Moderate
GMHCI-0980,2016,Mexico,North America,Upper-Middle,9.58,10.24,2.2,0.221,3.71,3.94,11.26,17.19,70.0,66.2,4.39,4.81,10.0,18.8,41.5,76.2,24.0,60.8,High
GMHCI-0981,2015,Poland,Europe,Upper-Middle,13.37,11.27,3.42,0.388,3.42,3.78,2.7,13.59,58.5,67.0,7.74,3.05,3.0,3.8,92.6,43.4,33.6,61.68,High
GMHCI-0982,2020,Kenya,Africa,Lower-Middle,11.42,9.08,1.63,0.898,5.0,1.95,4.22,3.88,84.2,31.9,0.18,1.41,7.9,25.2,36.0,49.3,66.2,52.32,High
GMHCI-0983,2020,United States,North America,High,12.26,20.88,2.68,0.318,5.06,2.94,2.1,4.29,47.0,78.6,24.8,7.55,9.8,7.0,30.4,91.0,22.4,52.52,High
GMHCI-0984,2019,Sweden,Europe,High,16.9,13.95,2.64,1.139,6.13,1.92,6.42,14.42,43.5,93.4,19.32,4.99,6.1,26.8,91.3,80.4,1.6,63.08,High
GMHCI-0985,2018,Thailand,Asia,Upper-Middle,14.85,14.49,3.36,0.92,4.4,0.72,10.32,10.5,50.2,55.5,2.02,5.76,4.9,8.3,49.6,25.8,36.6,61.55,High
GMHCI-0986,2018,Saudi Arabia,Asia,High,15.48,12.17,1.09,0.232,4.06,2.9,5.58,4.61,34.9,84.4,10.67,9.97,7.2,13.9,32.2,66.1,24.8,48.03,Moderate
GMHCI-0987,2017,Brazil,South America,Upper-Middle,12.36,10.44,1.61,0.384,8.06,1.51,8.85,6.04,56.6,47.3,5.15,3.34,6.6,11.6,33.3,82.4,54.5,51.88,High
GMHCI-0988,2016,Iran,Asia,Upper-Middle,10.02,15.55,0.78,0.602,8.85,0.55,8.5,7.07,60.9,56.4,7.38,5.42,4.7,8.9,95.2,43.4,52.3,55.04,High
GMHCI-0989,2022,Netherlands,Europe,High,12.8,12.37,1.64,0.933,4.46,1.67,11.0,8.53,41.4,84.5,24.94,5.68,3.5,17.0,52.1,63.3,17.1,49.77,Moderate
GMHCI-0990,2018,Bangladesh,Asia,Lower-Middle,5.71,5.81,0.69,0.581,5.19,3.08,5.56,10.43,75.2,40.8,0.44,1.9,3.2,17.9,83.2,87.0,66.7,49.21,Moderate
GMHCI-0991,2020,Iran,Asia,Upper-Middle,8.89,11.53,1.1,0.314,8.32,1.35,5.37,11.79,57.6,50.4,5.96,4.67,3.9,5.3,47.7,88.3,39.6,53.96,High
GMHCI-0992,2021,Kenya,Africa,Lower-Middle,4.12,8.0,2.71,0.321,6.4,2.36,7.67,4.25,87.0,29.3,1.35,0.76,9.9,2.6,85.5,82.4,69.3,42.61,Moderate
GMHCI-0993,2017,Russia,Europe,Upper-Middle,7.27,11.03,2.66,0.686,8.93,2.7,5.68,16.31,58.6,51.3,5.65,3.31,10.1,25.2,86.0,51.2,39.1,57.61,High
GMHCI-0994,2015,France,Europe,High,14.64,11.08,3.35,1.009,1.33,2.17,6.65,8.22,33.5,78.2,13.68,6.22,6.1,20.8,62.2,82.1,30.8,51.57,High
GMHCI-0995,2022,China,Asia,Upper-Middle,10.52,15.46,2.31,0.733,7.05,0.6,5.25,17.54,61.0,56.3,9.27,4.15,5.5,5.9,76.5,52.7,40.8,68.48,High
GMHCI-0996,2016,Ukraine,Europe,Lower-Middle,9.88,5.12,3.15,0.516,3.62,3.92,10.76,7.56,83.2,23.1,0.66,0.76,7.9,19.8,61.7,82.1,82.9,54.05,High
GMHCI-0997,2018,Australia,Oceania,High,8.5,18.45,1.76,1.145,7.9,2.46,1.51,14.95,29.1,83.5,13.18,5.5,9.8,15.9,28.6,78.3,19.9,56.78,High
GMHCI-0998,2015,Ukraine,Europe,Lower-Middle,8.38,7.19,1.28,0.975,8.7,1.63,2.96,5.53,71.0,22.9,1.79,1.69,8.4,24.8,69.0,55.8,77.4,48.33,Moderate
GMHCI-0999,2018,Ghana,Africa,Lower-Middle,9.4,11.37,2.52,1.0,3.93,3.88,8.87,3.79,70.9,24.6,1.03,2.02,8.1,5.8,58.4,30.7,70.8,50.13,High
GMHCI-1000,2018,Vietnam,Asia,Lower-Middle,11.3,9.23,3.26,0.346,7.92,3.26,7.89,9.27,84.5,24.4,0.17,1.16,6.1,14.7,47.0,55.7,74.4,61.05,High
GMHCI-1001,2022,Colombia,South America,Upper-Middle,14.49,8.21,2.85,0.72,5.47,3.78,8.73,14.8,59.4,65.2,3.82,3.97,9.8,21.5,57.5,24.1,40.8,63.36,High
GMHCI-1002,2023,Netherlands,Europe,High,14.52,14.81,2.61,0.317,2.62,2.64,6.78,10.59,29.5,80.3,23.34,10.94,6.5,26.6,39.7,64.2,28.5,57.13,High
GMHCI-1003,2017,Saudi Arabia,Asia,High,8.72,13.94,2.54,0.356,7.46,2.11,4.13,11.12,29.0,70.9,12.77,7.67,10.5,14.9,33.2,58.1,30.4,49.23,Moderate
GMHCI-1004,2018,Germany,Europe,High,12.1,15.38,1.93,0.536,3.22,3.48,9.65,13.47,34.2,75.1,20.06,10.75,9.8,24.6,65.6,86.1,23.2,58.21,High
GMHCI-1005,2022,Egypt,Africa,Lower-Middle,6.19,12.63,2.66,0.307,8.57,0.96,11.13,11.91,83.6,45.5,1.01,1.57,9.1,22.8,39.1,70.4,47.1,56.48,High
GMHCI-1006,2021,Argentina,South America,Upper-Middle,13.52,17.13,2.5,0.71,1.71,0.7,3.06,6.56,55.2,52.2,9.68,2.25,8.2,16.3,53.4,54.2,56.4,60.37,High
GMHCI-1007,2024,Sweden,Europe,High,16.06,20.99,2.3,1.179,6.88,2.89,6.99,11.02,38.3,94.1,12.4,10.16,10.6,23.2,56.4,53.3,5.9,63.44,High
GMHCI-1008,2020,Indonesia,Asia,Lower-Middle,7.0,8.74,2.56,0.935,7.51,1.59,5.22,7.27,82.3,29.2,1.95,1.35,6.0,22.4,70.6,37.2,63.7,49.92,Moderate
GMHCI-1009,2016,Saudi Arabia,Asia,High,15.01,14.7,1.99,0.999,3.64,1.59,5.56,8.14,39.8,88.7,12.66,7.77,3.4,7.6,75.1,53.4,20.3,54.65,High
GMHCI-1010,2017,Colombia,South America,Upper-Middle,14.19,15.32,3.28,0.794,7.32,1.76,3.2,11.29,73.5,48.7,5.38,4.4,9.9,6.6,48.9,43.1,59.6,69.51,High
GMHCI-1011,2020,Pakistan,Asia,Lower-Middle,4.76,12.96,0.96,0.733,3.4,3.51,7.85,10.43,78.6,45.1,0.73,1.54,8.4,14.1,46.1,63.6,49.6,52.35,High
GMHCI-1012,2022,Canada,North America,High,13.99,20.45,2.78,0.45,1.45,2.19,8.63,5.76,34.9,86.0,24.44,5.36,7.6,21.5,72.9,30.7,23.0,54.81,High
GMHCI-1013,2020,Turkey,Asia,Upper-Middle,13.41,16.39,1.41,0.681,6.97,1.36,9.76,12.13,71.5,67.6,4.51,3.77,4.1,15.3,61.8,41.5,40.9,67.45,High
GMHCI-1014,2021,Norway,Europe,High,14.3,17.91,3.07,0.303,2.39,3.9,11.13,4.62,53.5,76.8,17.96,6.92,10.1,24.7,81.4,39.4,13.6,52.79,High
GMHCI-1015,2022,Russia,Europe,Upper-Middle,14.58,9.99,0.8,0.321,2.04,2.97,4.87,7.59,72.3,51.4,2.13,3.36,3.7,27.7,63.0,54.3,42.2,57.27,High
GMHCI-1016,2021,Thailand,Asia,Upper-Middle,13.84,17.45,1.64,0.978,6.33,0.76,2.94,5.69,71.8,66.2,9.39,2.49,9.9,21.1,36.7,21.6,36.7,59.48,High
GMHCI-1017,2019,Germany,Europe,High,15.63,10.54,0.9,0.902,2.52,1.35,6.22,7.27,27.8,76.6,16.03,9.85,9.5,21.6,38.4,72.5,27.0,49.69,Moderate
GMHCI-1018,2016,Egypt,Africa,Lower-Middle,4.93,7.49,3.32,0.486,7.43,3.25,3.59,6.62,72.5,25.3,1.6,0.68,8.3,9.9,37.4,41.3,74.4,45.11,Moderate
GMHCI-1019,2016,France,Europe,High,8.78,21.56,2.44,0.581,6.02,1.43,2.2,8.17,47.7,88.4,20.32,4.65,3.1,15.8,66.5,58.2,20.7,53.55,High
GMHCI-1020,2024,Argentina,South America,Upper-Middle,13.81,9.04,2.08,0.816,1.57,3.56,4.09,15.73,71.6,66.1,5.0,4.92,7.5,5.7,75.4,90.9,35.8,65.58,High
GMHCI-1021,2020,Italy,Europe,High,8.87,21.6,1.41,1.146,7.7,1.39,11.17,6.74,51.1,95.8,23.9,11.13,9.8,8.1,53.2,64.3,5.3,49.93,Moderate
GMHCI-1022,2024,South Korea,Asia,High,13.85,15.22,2.54,0.853,1.57,2.44,6.43,10.02,51.3,90.7,14.27,4.91,5.6,19.0,44.3,72.9,11.9,56.63,High
GMHCI-1023,2015,Bangladesh,Asia,Lower-Middle,9.78,9.66,2.21,0.622,8.31,3.42,8.79,4.75,74.0,27.0,1.77,1.7,10.0,3.4,45.1,46.5,66.3,50.23,High
GMHCI-1024,2016,Pakistan,Asia,Lower-Middle,6.73,8.3,3.43,0.441,6.1,2.83,6.59,10.57,73.8,37.1,0.26,1.45,10.4,7.1,64.4,23.2,61.9,52.15,High
GMHCI-1025,2023,Italy,Europe,High,12.47,18.72,1.58,0.359,4.4,2.35,4.31,5.8,45.6,94.6,13.54,10.61,9.2,4.4,28.8,73.7,13.2,51.35,High
GMHCI-1026,2018,Russia,Europe,Upper-Middle,13.49,17.34,2.59,0.703,2.06,2.7,2.87,5.92,67.9,58.6,7.88,4.46,10.1,23.3,97.8,55.9,47.5,60.24,High
GMHCI-1027,2015,United States,North America,High,8.82,19.73,3.03,0.762,3.11,3.98,11.42,8.13,50.9,80.3,12.56,11.02,6.7,22.2,89.1,76.3,14.2,51.4,High
GMHCI-1028,2022,India,Asia,Lower-Middle,10.84,6.13,1.38,1.149,5.84,2.76,3.13,3.26,84.4,42.6,0.24,0.93,4.3,16.1,92.2,79.0,65.6,47.91,Moderate
GMHCI-1029,2021,New Zealand,Oceania,High,14.25,12.79,2.39,1.033,2.96,2.95,6.33,10.13,48.2,71.8,11.01,8.55,8.3,8.2,39.6,47.6,32.6,57.76,High
GMHCI-1030,2021,Spain,Europe,High,13.62,21.92,0.63,0.431,8.05,1.84,10.52,10.55,29.2,78.5,9.0,9.46,10.4,3.2,31.6,40.2,25.2,61.75,High
GMHCI-1031,2024,Nigeria,Africa,Lower-Middle,10.67,11.44,2.11,0.646,6.92,1.07,3.95,7.11,85.2,37.1,0.38,1.2,5.8,21.3,45.2,68.8,55.0,56.39,High
GMHCI-1032,2019,Netherlands,Europe,High,9.58,21.04,3.42,0.547,8.21,1.64,11.57,15.93,36.7,79.5,10.13,11.84,9.0,18.0,34.6,43.0,14.5,62.35,High
GMHCI-1033,2016,China,Asia,Upper-Middle,7.78,10.18,0.77,1.129,5.61,4.0,4.41,5.88,51.6,55.8,3.47,5.54,7.5,13.7,71.6,31.9,44.7,42.83,Moderate
GMHCI-1034,2016,Brazil,South America,Upper-Middle,8.41,8.16,1.88,0.341,4.31,1.61,9.31,12.51,67.9,57.5,8.62,5.34,3.4,11.0,75.7,81.0,38.1,52.58,High
GMHCI-1035,2022,Sweden,Europe,High,17.23,14.2,1.16,0.665,4.22,3.19,5.61,5.08,48.1,76.3,20.45,8.76,10.7,2.3,47.1,65.9,14.5,53.43,High
GMHCI-1036,2024,Turkey,Asia,Upper-Middle,12.79,17.88,1.6,0.603,4.34,2.5,9.37,8.75,64.5,59.6,6.35,5.33,3.5,23.6,26.9,40.4,36.9,61.58,High
GMHCI-1037,2020,Australia,Oceania,High,9.92,15.11,2.75,0.477,1.01,1.83,4.36,4.56,46.8,73.4,8.63,8.29,5.8,14.1,46.3,56.1,36.2,46.44,Moderate
GMHCI-1038,2021,Canada,North America,High,15.02,18.08,0.9,0.93,3.12,3.28,10.62,13.54,54.2,92.3,17.77,7.32,8.2,22.5,40.4,94.2,0.0,64.4,High
GMHCI-1039,2015,Philippines,Asia,Lower-Middle,4.76,11.3,2.67,0.963,2.24,2.82,8.17,6.85,74.5,45.6,1.06,1.27,3.4,26.8,86.5,57.3,53.1,45.77,Moderate
GMHCI-1040,2020,Japan,Asia,High,8.6,10.37,3.24,0.795,8.21,3.3,6.19,12.61,34.8,76.9,12.23,11.4,3.5,4.5,46.4,81.2,27.0,48.26,Moderate
GMHCI-1041,2021,Mexico,North America,Upper-Middle,9.16,16.31,0.65,0.953,1.12,2.79,3.81,6.7,66.4,51.8,9.2,3.45,8.7,20.1,38.5,73.9,53.7,55.07,High
GMHCI-1042,2018,Saudi Arabia,Asia,High,9.47,18.45,1.48,0.701,2.08,2.33,7.83,12.34,35.6,78.6,24.29,5.53,8.3,18.0,52.8,32.2,24.1,56.13,High
GMHCI-1043,2021,Ukraine,Europe,Lower-Middle,7.14,8.84,0.93,0.328,1.15,1.94,8.76,5.36,78.7,25.9,0.67,2.38,3.9,26.6,62.1,31.5,64.8,47.16,Moderate
GMHCI-1044,2015,Pakistan,Asia,Lower-Middle,7.14,10.51,2.96,0.664,7.0,3.25,6.33,5.35,79.1,38.5,0.25,2.29,4.4,3.4,59.5,62.3,55.1,47.27,Moderate
GMHCI-1045,2019,Poland,Europe,Upper-Middle,10.75,9.72,1.4,0.562,6.71,2.62,11.15,10.82,60.2,74.9,5.52,2.16,5.1,10.9,92.9,66.0,24.6,51.7,High
GMHCI-1046,2024,Indonesia,Asia,Lower-Middle,5.78,13.81,2.06,0.732,3.21,1.86,2.26,6.36,73.9,30.2,1.77,0.9,9.0,23.8,95.4,22.3,74.4,51.89,High
GMHCI-1047,2021,Vietnam,Asia,Lower-Middle,8.7,5.25,3.29,0.942,8.65,2.83,6.61,11.67,82.9,25.4,1.0,0.88,9.4,25.7,89.3,20.5,82.3,58.1,High
GMHCI-1048,2018,France,Europe,High,14.92,12.07,1.28,0.957,8.6,3.94,9.68,8.72,37.8,71.6,22.07,9.01,9.9,4.1,65.2,28.3,31.9,54.38,High
GMHCI-1049,2022,Thailand,Asia,Upper-Middle,9.91,15.97,1.56,0.829,1.17,1.21,11.92,8.21,62.2,50.0,7.39,2.75,5.0,18.2,29.8,23.3,44.1,55.82,High
GMHCI-1050,2020,Argentina,South America,Upper-Middle,8.51,9.99,0.8,0.844,8.51,2.69,6.51,12.87,53.0,67.3,4.08,3.31,7.9,25.9,54.9,24.9,36.8,52.41,High
GMHCI-1051,2022,Iran,Asia,Upper-Middle,14.53,8.32,3.03,0.58,2.75,2.16,10.52,12.19,57.3,58.9,5.7,2.8,7.8,17.4,56.4,49.0,43.1,59.91,High
GMHCI-1052,2023,Spain,Europe,High,16.57,17.36,1.21,0.29,6.08,1.94,6.92,14.74,25.8,72.8,13.33,11.21,6.2,6.5,57.4,88.2,31.2,67.9,High
GMHCI-1053,2020,Bangladesh,Asia,Lower-Middle,10.91,8.36,1.79,0.4,7.88,2.81,5.07,11.01,79.3,23.8,1.49,0.87,4.1,25.7,40.6,95.0,77.0,61.73,High
GMHCI-1054,2017,Nigeria,Africa,Lower-Middle,5.72,8.23,1.36,0.461,8.49,1.26,8.34,6.77,76.3,39.1,0.79,1.34,6.7,11.6,33.6,41.1,61.9,45.79,Moderate
GMHCI-1055,2017,Mexico,North America,Upper-Middle,11.92,16.11,2.97,1.101,6.67,2.54,8.81,10.04,67.7,50.6,6.37,4.51,6.7,4.5,48.7,56.8,57.6,64.15,High
GMHCI-1056,2024,Mexico,North America,Upper-Middle,9.68,17.33,1.46,0.98,3.46,0.64,3.44,11.25,62.0,74.3,9.81,3.04,10.3,16.9,47.2,60.1,17.1,56.88,High
GMHCI-1057,2018,South Korea,Asia,High,14.88,12.51,3.36,0.22,1.4,3.61,4.58,13.54,32.7,75.2,18.08,7.82,7.4,27.4,82.5,44.2,21.6,59.09,High
GMHCI-1058,2016,Vietnam,Asia,Lower-Middle,10.72,9.52,1.27,0.301,8.44,0.77,11.74,10.82,82.5,26.0,0.58,0.79,7.7,12.8,77.3,46.5,64.1,60.81,High
GMHCI-1059,2016,Japan,Asia,High,10.71,13.45,2.92,0.512,2.09,1.85,6.81,10.84,26.8,93.5,19.01,6.01,7.8,16.7,30.2,22.8,6.8,47.28,Moderate
GMHCI-1060,2019,Bangladesh,Asia,Lower-Middle,8.84,6.87,1.19,0.457,1.64,2.44,6.36,5.35,76.5,40.4,1.34,2.05,5.2,25.7,52.8,35.7,62.0,46.96,Moderate
GMHCI-1061,2015,Argentina,South America,Upper-Middle,14.85,11.74,2.38,0.628,6.21,1.48,5.83,8.3,60.2,66.6,2.58,4.7,10.6,23.9,89.4,29.9,34.6,57.23,High
GMHCI-1062,2017,Ukraine,Europe,Lower-Middle,5.0,12.44,1.32,0.541,3.19,4.0,9.43,10.33,70.6,47.6,1.7,2.18,8.5,5.3,32.0,29.5,61.9,52.69,High
GMHCI-1063,2024,India,Asia,Lower-Middle,8.93,13.18,2.18,0.582,6.6,2.01,4.84,5.18,82.7,49.5,0.25,1.43,10.8,20.1,61.5,51.9,57.3,52.83,High
GMHCI-1064,2022,Ukraine,Europe,Lower-Middle,7.48,13.4,1.56,0.975,1.81,1.76,6.61,3.29,70.3,35.1,0.26,1.63,7.2,21.8,79.9,44.2,57.1,46.47,Moderate
GMHCI-1065,2022,Germany,Europe,High,11.62,13.53,2.51,0.725,6.36,2.52,7.91,11.75,40.9,78.0,10.07,5.78,10.7,13.6,89.2,83.6,26.5,54.99,High
GMHCI-1066,2024,Australia,Oceania,High,9.83,15.03,2.37,0.799,6.23,1.18,9.42,7.32,54.3,74.1,9.24,8.17,3.7,13.3,42.8,74.1,21.2,48.97,Moderate
GMHCI-1067,2018,Japan,Asia,High,14.06,11.01,2.7,1.018,1.84,0.93,6.76,12.78,31.9,70.4,16.51,9.78,3.5,17.2,85.9,88.6,28.9,56.5,High
GMHCI-1068,2023,Vietnam,Asia,Lower-Middle,5.4,6.16,2.82,0.433,3.95,2.77,3.45,9.89,77.9,38.1,0.27,1.84,3.8,19.2,36.4,44.0,57.7,47.41,Moderate
GMHCI-1069,2017,United States,North America,High,15.57,11.13,0.61,0.785,1.43,3.84,7.01,11.82,37.7,95.7,22.34,11.33,10.3,19.3,86.6,90.9,7.2,55.01,High
GMHCI-1070,2020,Brazil,South America,Upper-Middle,9.76,13.09,1.88,0.592,5.88,1.47,6.12,9.77,72.0,68.4,9.99,4.79,6.3,8.0,49.1,29.4,21.6,53.29,High
GMHCI-1071,2017,Ethiopia,Africa,Low,3.69,7.22,0.97,0.947,3.12,0.8,9.62,3.96,87.5,6.1,0.39,0.48,11.0,26.0,51.0,62.5,94.4,44.74,Moderate
GMHCI-1072,2018,Germany,Europe,High,14.73,14.21,2.62,0.215,1.3,1.34,4.34,15.6,32.0,73.7,9.42,10.13,3.6,19.2,30.3,53.3,33.0,64.89,High
GMHCI-1073,2022,Brazil,South America,Upper-Middle,8.87,14.7,0.84,0.384,1.68,2.21,3.4,16.77,64.6,49.6,2.14,4.59,6.0,20.4,76.7,27.1,47.8,66.03,High
GMHCI-1074,2023,United States,North America,High,13.61,18.3,0.88,1.112,8.03,2.03,4.96,4.95,33.6,96.4,22.05,5.86,6.8,23.1,89.9,23.3,10.5,49.13,Moderate
GMHCI-1075,2024,Poland,Europe,Upper-Middle,13.83,17.16,1.86,0.248,4.24,2.64,10.79,5.59,67.0,57.6,4.59,2.0,7.7,4.9,73.3,41.9,33.6,57.87,High
GMHCI-1076,2023,India,Asia,Lower-Middle,4.74,12.16,1.62,0.811,7.73,2.54,7.49,5.72,85.6,46.3,0.41,1.94,3.9,3.2,29.7,38.3,62.1,48.0,Moderate
GMHCI-1077,2015,Colombia,South America,Upper-Middle,7.11,10.72,2.38,0.971,7.73,2.51,7.71,16.64,64.4,58.5,4.22,4.76,9.5,16.3,47.3,59.0,33.4,57.6,High
GMHCI-1078,2020,United Kingdom,Europe,High,13.26,11.09,3.28,1.153,2.98,0.55,5.32,7.01,32.8,83.4,22.64,9.64,9.1,14.5,78.3,48.5,9.0,44.61,Moderate
GMHCI-1079,2023,South Korea,Asia,High,14.14,15.98,1.58,1.101,4.93,0.69,11.98,13.11,55.0,96.0,14.42,4.67,5.7,23.7,75.1,25.0,3.6,61.33,High
GMHCI-1080,2018,Spain,Europe,High,17.19,15.11,1.98,0.331,1.44,1.64,8.42,6.29,43.2,72.1,23.37,10.62,3.1,6.1,46.7,74.1,20.5,56.03,High
GMHCI-1081,2017,China,Asia,Upper-Middle,10.59,11.76,0.6,0.207,2.76,2.53,4.23,6.62,70.5,46.5,5.01,5.7,4.6,26.0,28.9,84.4,53.4,53.39,High
GMHCI-1082,2016,Australia,Oceania,High,12.06,17.22,0.72,0.315,2.28,2.54,1.84,6.12,25.8,80.1,18.65,6.85,4.9,23.6,74.7,46.1,14.9,47.09,Moderate
GMHCI-1083,2022,Ukraine,Europe,Lower-Middle,8.0,10.54,1.2,0.938,4.69,3.59,5.27,5.28,79.5,42.7,1.38,1.61,9.0,14.3,94.4,81.6,61.6,49.43,Moderate
GMHCI-1084,2015,Tanzania,Africa,Low,5.34,4.28,3.22,0.731,8.34,1.85,7.79,6.65,85.6,20.1,0.23,0.89,4.6,12.3,86.3,83.0,88.7,46.95,Moderate
GMHCI-1085,2023,Netherlands,Europe,High,13.01,14.5,0.61,0.424,8.25,2.51,8.9,10.65,38.5,73.4,23.35,10.64,5.7,21.8,34.7,75.8,18.3,54.68,High
GMHCI-1086,2023,Brazil,South America,Upper-Middle,14.65,11.11,3.42,1.06,2.86,2.63,10.81,17.96,60.8,72.1,7.38,2.34,4.2,4.7,48.7,48.8,37.4,70.31,High
GMHCI-1087,2016,Italy,Europe,High,13.14,11.33,2.22,0.458,5.22,1.68,3.4,12.13,43.8,97.0,13.79,9.22,9.6,21.5,39.5,28.2,0.0,52.1,High
GMHCI-1088,2015,Indonesia,Asia,Lower-Middle,9.15,9.78,2.4,0.915,2.45,2.53,10.81,11.87,80.2,35.7,0.25,1.57,5.5,18.1,91.3,81.0,62.7,59.77,High
GMHCI-1089,2016,Russia,Europe,Upper-Middle,9.85,11.96,2.95,0.535,8.79,0.64,5.03,16.4,53.1,65.1,4.32,3.49,3.6,5.7,65.4,49.2,39.6,61.4,High
GMHCI-1090,2015,Thailand,Asia,Upper-Middle,12.08,12.34,1.15,0.789,6.09,2.06,6.49,10.34,67.5,68.8,8.47,4.91,8.6,23.5,58.5,93.4,33.4,57.7,High
GMHCI-1091,2016,Egypt,Africa,Lower-Middle,10.07,11.67,2.78,0.523,4.1,0.8,1.57,6.23,78.2,21.2,1.06,1.65,7.3,7.4,78.8,29.7,82.3,57.56,High
GMHCI-1092,2021,Pakistan,Asia,Lower-Middle,8.58,13.38,2.56,0.476,3.33,1.21,10.35,10.65,86.5,20.2,1.42,0.87,6.0,10.9,31.8,74.2,85.6,64.95,High
GMHCI-1093,2022,Canada,North America,High,10.91,12.41,2.58,0.222,4.77,1.24,7.81,11.15,39.9,85.8,24.69,6.16,8.6,23.7,73.9,21.5,17.1,50.59,High
GMHCI-1094,2019,Colombia,South America,Upper-Middle,10.85,11.36,1.4,0.243,3.84,0.64,11.27,6.55,71.4,70.8,6.81,3.45,8.2,3.2,45.4,22.1,30.8,50.04,High
GMHCI-1095,2015,United Kingdom,Europe,High,15.9,10.9,3.2,1.068,8.34,0.99,5.05,9.61,38.1,74.9,21.35,4.44,4.6,9.2,73.9,90.2,31.3,55.87,High
GMHCI-1096,2016,Saudi Arabia,Asia,High,17.14,11.89,0.86,0.348,4.3,1.51,8.31,7.93,26.8,84.0,15.36,9.82,7.2,10.8,91.3,62.0,22.3,53.08,High
GMHCI-1097,2018,Ethiopia,Africa,Low,4.29,5.05,1.2,0.513,1.95,2.39,8.82,7.43,86.7,24.2,0.36,0.45,6.5,7.4,41.6,64.0,80.1,46.15,Moderate
GMHCI-1098,2020,Norway,Europe,High,15.11,16.93,2.97,0.963,5.78,1.42,11.95,6.17,29.1,91.8,9.61,6.8,5.2,22.0,48.7,90.5,10.8,51.02,High
GMHCI-1099,2017,Netherlands,Europe,High,16.13,14.21,1.8,0.728,4.89,1.8,8.71,14.67,43.3,78.1,15.66,9.51,3.2,11.1,96.1,34.5,17.3,64.92,High
GMHCI-1100,2015,Egypt,Africa,Lower-Middle,10.07,7.25,3.39,0.974,6.19,3.71,8.31,4.79,80.6,40.0,1.04,0.56,6.2,26.3,71.2,57.5,64.0,49.17,Moderate
